"","x"
"1","Aburria aburri"
"2","Acanthidops bairdii"
"3","Acanthisitta chloris"
"4","Acanthiza apicalis"
"5","Acanthiza chrysorrhoa"
"6","Acanthiza ewingii"
"7","Acanthiza inornata"
"8","Acanthiza iredalei"
"9","Acanthiza katherina"
"10","Acanthiza lineata"
"11","Acanthiza murina"
"12","Acanthiza nana"
"13","Acanthiza pusilla"
"14","Acanthiza reguloides"
"15","Acanthiza robustirostris"
"16","Acanthiza uropygialis"
"17","Acanthorhynchus superciliosus"
"18","Acanthorhynchus tenuirostris"
"19","Achaetops pycnopygius"
"20","Acridotheres burmannicus"
"21","Acridotheres cinereus"
"22","Acridotheres cristatellus"
"23","Acridotheres fuscus"
"24","Acridotheres ginginianus"
"25","Acridotheres grandis"
"26","Acridotheres melanopterus"
"27","Acridotheres tristis"
"28","Acrocephalus aequinoctialis"
"29","Acrocephalus agricola"
"30","Acrocephalus arundinaceus"
"31","Acrocephalus atyphus"
"32","Acrocephalus australis"
"33","Acrocephalus bistrigiceps"
"34","Acrocephalus brevipennis"
"35","Acrocephalus concinens"
"36","Acrocephalus dumetorum"
"37","Acrocephalus melanopogon"
"38","Acrocephalus mendanae"
"39","Acrocephalus orinus"
"40","Acrocephalus paludicola"
"41","Acrocephalus palustris"
"42","Acrocephalus rufescens"
"43","Acrocephalus schoenobaenus"
"44","Acrocephalus stentoreus"
"45","Acrocephalus tangorum"
"46","Acropternis orthonyx"
"47","Actinodura egertoni"
"48","Actinodura ramsayi"
"49","Actinodura souliei"
"50","Actinodura waldeni"
"51","Actitis hypoleucos"
"52","Actitis macularius"
"53","Aechmophorus clarkii"
"54","Aechmophorus occidentalis"
"55","Aegithalos concinnus"
"56","Aegithalos fuliginosus"
"57","Aegithalos iouschistos"
"58","Aegithalos leucogenys"
"59","Aegolius acadicus"
"60","Aegolius harrisii"
"61","Aegotheles albertisi"
"62","Aegotheles archboldi"
"63","Aegotheles bennettii"
"64","Aegotheles cristatus"
"65","Aegotheles savesi"
"66","Aegotheles wallacii"
"67","Aegypius monachus"
"68","Afrotis afra"
"69","Afrotis afraoides"
"70","Agapornis fischeri"
"71","Agapornis lilianae"
"72","Agapornis nigrigenis"
"73","Agapornis personatus"
"74","Agapornis pullarius"
"75","Agapornis taranta"
"76","Agelaioides badius"
"77","Agelaioides oreopsar"
"78","Agelaius humeralis"
"79","Agelaius phoeniceus"
"80","Agelaius tricolor"
"81","Agelaius xanthomus"
"82","Agelasticus cyanopus"
"83","Agelasticus xanthophthalmus"
"84","Aglaeactis castelnaudii"
"85","Aglaeactis pamela"
"86","Agriornis albicauda"
"87","Agriornis micropterus"
"88","Agriornis montanus"
"89","Agriornis murinus"
"90","Agropsar philippensis"
"91","Agropsar sturninus"
"92","Aimophila aestivalis"
"93","Aimophila carpalis"
"94","Aimophila cassinii"
"95","Aimophila humeralis"
"96","Aimophila mystacalis"
"97","Aimophila notosticta"
"98","Aimophila quinquestriata"
"99","Aimophila ruficeps"
"100","Aimophila stolzmanni"
"101","Aimophila strigiceps"
"102","Aimophila sumichrasti"
"103","Aix galericulata"
"104","Aix sponsa"
"105","Alcedo atthis"
"106","Alcedo coerulescens"
"107","Alcedo cristata"
"108","Alcedo hercules"
"109","Alcedo meninting"
"110","Alcedo quadribrachys"
"111","Alcedo semitorquata"
"112","Alcedo vintsioides"
"113","Alcippe brunnea"
"114","Alcippe brunneicauda"
"115","Alcippe castaneceps"
"116","Alcippe cinerea"
"117","Alcippe cinereiceps"
"118","Alcippe dubia"
"119","Alcippe grotei"
"120","Alcippe manipurensis"
"121","Alcippe morrisonia"
"122","Alcippe peracensis"
"123","Alcippe rufogularis"
"124","Alcippe striaticollis"
"125","Alcippe vinipectus"
"126","Aleadryas rufinucha"
"127","Alectoris barbara"
"128","Alectoris chukar"
"129","Alectoris graeca"
"130","Alectoris magna"
"131","Alectoris melanocephala"
"132","Alectoris philbyi"
"133","Alectoris rufa"
"134","Alectrurus risora"
"135","Alectrurus tricolor"
"136","Alethe diademata"
"137","Alipiopsitta xanthops"
"138","Alisterus amboinensis"
"139","Alisterus chloropterus"
"140","Alisterus scapularis"
"141","Allenia fusca"
"142","Alopochelidon fucata"
"143","Alopochen aegyptiaca"
"144","Amadina erythrocephala"
"145","Amadina fasciata"
"146","Amalocichla incerta"
"147","Amalocichla sclateriana"
"148","Amandava amandava"
"149","Amandava formosa"
"150","Amandava subflava"
"151","Amaurocichla bocagii"
"152","Amazona agilis"
"153","Amazona albifrons"
"154","Amazona amazonica"
"155","Amazona arausiaca"
"156","Amazona auropalliata"
"157","Amazona brasiliensis"
"158","Amazona collaria"
"159","Amazona dufresniana"
"160","Amazona farinosa"
"161","Amazona festiva"
"162","Amazona finschi"
"163","Amazona guildingii"
"164","Amazona kawalli"
"165","Amazona leucocephala"
"166","Amazona ochrocephala"
"167","Amazona oratrix"
"168","Amazona pretrei"
"169","Amazona rhodocorytha"
"170","Amazona tucumana"
"171","Amazona ventralis"
"172","Amazona versicolor"
"173","Amazona vinacea"
"174","Amazona viridigenalis"
"175","Amazona vittata"
"176","Amazonetta brasiliensis"
"177","Amblyornis inornata"
"178","Amblyornis macgregoriae"
"179","Amblyornis subalaris"
"180","Amblyospiza albifrons"
"181","Ammodramus aurifrons"
"182","Ammodramus bairdii"
"183","Ammodramus caudacutus"
"184","Ammodramus henslowii"
"185","Ammodramus humeralis"
"186","Ammodramus nelsoni"
"187","Ammomanes cinctura"
"188","Ammomanes phoenicura"
"189","Ammomanopsis grayi"
"190","Ampelion rubrocristatus"
"191","Ampelion rufaxilla"
"192","Amphispiza belli"
"193","Amphispiza bilineata"
"194","Amytornis ballarae"
"195","Amytornis dorotheae"
"196","Amytornis purnelli"
"197","Amytornis woodwardi"
"198","Anabazenops dorsalis"
"199","Anabazenops fuscus"
"200","Anairetes agilis"
"201","Anairetes agraphia"
"202","Anairetes alpinus"
"203","Anairetes flavirostris"
"204","Anairetes nigrocristatus"
"205","Anairetes parulus"
"206","Anairetes reguloides"
"207","Anas acuta"
"208","Anas americana"
"209","Anas aucklandica"
"210","Anas bahamensis"
"211","Anas castanea"
"212","Anas chlorotis"
"213","Anas clypeata"
"214","Anas crecca"
"215","Anas cyanoptera"
"216","Anas discors"
"217","Anas erythrorhyncha"
"218","Anas falcata"
"219","Anas flavirostris"
"220","Anas fulvigula"
"221","Anas georgica"
"222","Anas gracilis"
"223","Anas hottentota"
"224","Anas luzonica"
"225","Anas melleri"
"226","Anas platyrhynchos"
"227","Anas poecilorhyncha"
"228","Anas puna"
"229","Anas querquedula"
"230","Anas rhynchotis"
"231","Anas rubripes"
"232","Anas sibilatrix"
"233","Anas smithii"
"234","Anas strepera"
"235","Anas superciliosa"
"236","Anas undulata"
"237","Anas versicolor"
"238","Ancistrops strigilatus"
"239","Andigena cucullata"
"240","Andigena hypoglauca"
"241","Andigena laminirostris"
"242","Andropadus ansorgei"
"243","Andropadus gracilirostris"
"244","Andropadus gracilis"
"245","Andropadus latirostris"
"246","Andropadus masukuensis"
"247","Andropadus milanjensis"
"248","Andropadus montanus"
"249","Andropadus nigriceps"
"250","Andropadus tephrolaemus"
"251","Andropadus virens"
"252","Anhinga anhinga"
"253","Anhinga novaehollandiae"
"254","Anhinga rufa"
"255","Anisognathus igniventris"
"256","Anisognathus lacrymosus"
"257","Anisognathus melanogenys"
"258","Anisognathus notabilis"
"259","Anisognathus somptuosus"
"260","Anodorhynchus hyacinthinus"
"261","Anodorhynchus leari"
"262","Anorrhinus austeni"
"263","Anorrhinus tickelli"
"264","Anser albifrons"
"265","Anser anser"
"266","Anser brachyrhynchus"
"267","Anser cygnoides"
"268","Anser erythropus"
"269","Anser fabalis"
"270","Anser indicus"
"271","Anthocephala floriceps"
"272","Anthochaera carunculata"
"273","Anthochaera chrysoptera"
"274","Anthochaera lunulata"
"275","Anthochaera paradoxa"
"276","Anthracothorax prevostii"
"277","Anthracothorax veraguensis"
"278","Anthropoides paradiseus"
"279","Anthropoides virgo"
"280","Anumbius annumbi"
"281","Apaloderma aequatoriale"
"282","Apaloderma narina"
"283","Aphantochroa cirrochloris"
"284","Aphelocoma californica"
"285","Aphelocoma insularis"
"286","Aphelocoma ultramarina"
"287","Aphelocoma unicolor"
"288","Aphriza virgata"
"289","Aprosmictus erythropterus"
"290","Aprosmictus jonquillaceus"
"291","Apteryx australis"
"292","Apteryx haastii"
"293","Apteryx mantelli"
"294","Apteryx owenii"
"295","Aquila adalberti"
"296","Aquila africana"
"297","Aquila audax"
"298","Aquila chrysaetos"
"299","Aquila clanga"
"300","Aquila fasciatus"
"301","Aquila gurneyi"
"302","Aquila heliaca"
"303","Aquila pomarina"
"304","Aquila rapax"
"305","Arcanator orostruthus"
"306","Archboldia papuensis"
"307","Archilochus alexandri"
"308","Archilochus colubris"
"309","Ardea modesta"
"310","Ardeotis arabs"
"311","Ardeotis australis"
"312","Ardeotis kori"
"313","Ardeotis nigriceps"
"314","Arenaria interpres"
"315","Arenaria melanocephala"
"316","Argusianus argus"
"317","Arremonops chloronotus"
"318","Arremonops rufivirgatus"
"319","Arundinicola leucocephala"
"320","Astrapia mayeri"
"321","Astrapia nigra"
"322","Astrapia splendidissima"
"323","Astrapia stephaniae"
"324","Atelornis crossleyi"
"325","Atelornis pittoides"
"326","Athene brama"
"327","Athene cunicularia"
"328","Athene noctua"
"329","Attagis gayi"
"330","Attagis malouinus"
"331","Atticora melanoleuca"
"332","Attila citriniventris"
"333","Attila phoenicurus"
"334","Attila rufus"
"335","Attila spadiceus"
"336","Attila torridus"
"337","Aulacorhynchus coeruleicinctis"
"338","Aulacorhynchus derbianus"
"339","Aulacorhynchus haematopygus"
"340","Aulacorhynchus prasinus"
"341","Aulacorhynchus sulcatus"
"342","Automolus infuscatus"
"343","Automolus leucophthalmus"
"344","Automolus melanopezus"
"345","Automolus ochrolaemus"
"346","Automolus rufipileatus"
"347","Aythya affinis"
"348","Aythya americana"
"349","Aythya australis"
"350","Aythya collaris"
"351","Aythya ferina"
"352","Aythya marila"
"353","Aythya nyroca"
"354","Aythya valisineria"
"355","Baeolophus atricristatus"
"356","Baeolophus bicolor"
"357","Baeolophus inornatus"
"358","Baeolophus ridgwayi"
"359","Baeopogon clamans"
"360","Baeopogon indicator"
"361","Balaeniceps rex"
"362","Balearica pavonina"
"363","Balearica regulorum"
"364","Bambusicola fytchii"
"365","Bambusicola thoracicus"
"366","Bangsia arcaei"
"367","Bangsia aureocincta"
"368","Bangsia edwardsi"
"369","Bangsia melanochlamys"
"370","Bangsia rothschildi"
"371","Barnardius zonarius"
"372","Basileuterus basilicus"
"373","Basileuterus belli"
"374","Basileuterus bivittatus"
"375","Basileuterus chrysogaster"
"376","Basileuterus cinereicollis"
"377","Basileuterus conspicillatus"
"378","Basileuterus coronatus"
"379","Basileuterus culicivorus"
"380","Basileuterus flaveolus"
"381","Basileuterus fraseri"
"382","Basileuterus hypoleucus"
"383","Basileuterus leucoblepharus"
"384","Basileuterus leucophrys"
"385","Basileuterus luteoviridis"
"386","Basileuterus melanogenys"
"387","Basileuterus nigrocristatus"
"388","Basileuterus signatus"
"389","Basileuterus trifasciatus"
"390","Basileuterus tristriatus"
"391","Basilinna leucotis"
"392","Basilinna xantusii"
"393","Batara cinerea"
"394","Bathmocercus cerviniventris"
"395","Bathmocercus rufus"
"396","Bias musicus"
"397","Biziura lobata"
"398","Bleda canicapillus"
"399","Bleda notatus"
"400","Blythipicus pyrrhotis"
"401","Blythipicus rubiginosus"
"402","Bolbopsittacus lunulatus"
"403","Bombycilla garrulus"
"404","Bombycilla japonica"
"405","Botaurus lentiginosus"
"406","Botaurus pinnatus"
"407","Botaurus stellaris"
"408","Bradornis infuscatus"
"409","Bradornis mariquensis"
"410","Bradornis microrhynchus"
"411","Bradornis pallidus"
"412","Branta bernicla"
"413","Branta canadensis"
"414","Branta hutchinsii"
"415","Branta leucopsis"
"416","Branta ruficollis"
"417","Branta sandvicensis"
"418","Brotogeris chiriri"
"419","Brotogeris chrysoptera"
"420","Brotogeris cyanoptera"
"421","Brotogeris jugularis"
"422","Brotogeris pyrrhoptera"
"423","Brotogeris versicolurus"
"424","Bubalornis albirostris"
"425","Bubalornis niger"
"426","Bucanetes githagineus"
"427","Bucanetes mongolicus"
"428","Bucephala clangula"
"429","Bucephala islandica"
"430","Bucorvus abyssinicus"
"431","Bucorvus leadbeateri"
"432","Buphagus africanus"
"433","Buphagus erythrorhynchus"
"434","Burhinus bistriatus"
"435","Burhinus capensis"
"436","Burhinus grallarius"
"437","Burhinus oedicnemus"
"438","Burhinus senegalensis"
"439","Burhinus superciliaris"
"440","Burhinus vermiculatus"
"441","Busarellus nigricollis"
"442","Butastur indicus"
"443","Butastur rufipennis"
"444","Butastur teesa"
"445","Buteo albigula"
"446","Buteo albonotatus"
"447","Buteo augur"
"448","Buteo brachyurus"
"449","Buteo buteo"
"450","Buteo galapagoensis"
"451","Buteo hemilasius"
"452","Buteo jamaicensis"
"453","Buteo lagopus"
"454","Buteo leucorrhous"
"455","Buteo lineatus"
"456","Buteo oreophilus"
"457","Buteo polyosoma"
"458","Buteo regalis"
"459","Buteo ridgwayi"
"460","Buteo rufinus"
"461","Buteo rufofuscus"
"462","Buteo swainsoni"
"463","Buteogallus aequinoctialis"
"464","Buteogallus anthracinus"
"465","Buteogallus meridionalis"
"466","Buthraupis aureodorsalis"
"467","Buthraupis eximia"
"468","Buthraupis montana"
"469","Buthraupis wetmorei"
"470","Cacatua alba"
"471","Cacatua ducorpsii"
"472","Cacatua galerita"
"473","Cacatua goffiniana"
"474","Cacatua haematuropygia"
"475","Cacatua moluccensis"
"476","Cacatua ophthalmica"
"477","Cacatua sanguinea"
"478","Cacatua sulphurea"
"479","Cacicus cela"
"480","Cacicus chrysopterus"
"481","Cacicus haemorrhous"
"482","Cacicus sclateri"
"483","Cacicus uropygialis"
"484","Calamanthus campestris"
"485","Calamanthus cautus"
"486","Calamanthus fuliginosus"
"487","Calamanthus pyrrhopygius"
"488","Calamospiza melanocorys"
"489","Calcarius lapponicus"
"490","Calcarius mccownii"
"491","Calcarius ornatus"
"492","Calcarius pictus"
"493","Calendulauda albescens"
"494","Calendulauda barlowi"
"495","Calendulauda burra"
"496","Calidris alba"
"497","Calidris bairdii"
"498","Calidris canutus"
"499","Calidris ferruginea"
"500","Calidris fuscicollis"
"501","Calidris himantopus"
"502","Calidris maritima"
"503","Calidris mauri"
"504","Calidris melanotos"
"505","Calidris minuta"
"506","Calidris minutilla"
"507","Calidris ptilocnemis"
"508","Calidris pusilla"
"509","Calidris ruficollis"
"510","Calidris subminuta"
"511","Calidris temminckii"
"512","Calidris tenuirostris"
"513","Callaeas cinereus"
"514","Callipepla californica"
"515","Callipepla douglasii"
"516","Callipepla gambelii"
"517","Callipepla squamata"
"518","Calliphlox bryantae"
"519","Calliphlox mitchellii"
"520","Callonetta leucophrys"
"521","Calochaetes coccineus"
"522","Calocitta colliei"
"523","Calocitta formosa"
"524","Caloenas nicobarica"
"525","Caloperdix oculeus"
"526","Calypte anna"
"527","Calypte costae"
"528","Calyptocichla serina"
"529","Camarhynchus heliobates"
"530","Camarhynchus pallidus"
"531","Camarhynchus parvulus"
"532","Camarhynchus pauper"
"533","Camarhynchus psittacula"
"534","Campephilus gayaquilensis"
"535","Campephilus guatemalensis"
"536","Campephilus imperialis"
"537","Campephilus leucopogon"
"538","Campephilus magellanicus"
"539","Campephilus melanoleucos"
"540","Campephilus pollens"
"541","Campephilus principalis"
"542","Campephilus rubricollis"
"543","Camptostoma imberbe"
"544","Camptostoma obsoletum"
"545","Campylorhamphus procurvoides"
"546","Campylorhamphus pucherani"
"547","Campylorhamphus trochilirostris"
"548","Campylorhynchus albobrunneus"
"549","Campylorhynchus chiapensis"
"550","Campylorhynchus fasciatus"
"551","Campylorhynchus griseus"
"552","Campylorhynchus gularis"
"553","Campylorhynchus jocosus"
"554","Campylorhynchus megalopterus"
"555","Campylorhynchus nuchalis"
"556","Campylorhynchus rufinucha"
"557","Campylorhynchus turdinus"
"558","Campylorhynchus zonatus"
"559","Capito auratus"
"560","Capito aurovirens"
"561","Capito dayi"
"562","Capito maculicoronatus"
"563","Capito niger"
"564","Capito squamatus"
"565","Caprimulgus candicans"
"566","Cardinalis cardinalis"
"567","Cardinalis phoeniceus"
"568","Carduelis ambigua"
"569","Carduelis atrata"
"570","Carduelis barbata"
"571","Carduelis cannabina"
"572","Carduelis carduelis"
"573","Carduelis chloris"
"574","Carduelis citrinella"
"575","Carduelis crassirostris"
"576","Carduelis cucullata"
"577","Carduelis flavirostris"
"578","Carduelis lawrencei"
"579","Carduelis magellanica"
"580","Carduelis notata"
"581","Carduelis olivacea"
"582","Carduelis pinus"
"583","Carduelis psaltria"
"584","Carduelis siemiradzkii"
"585","Carduelis sinica"
"586","Carduelis spinescens"
"587","Carduelis spinoides"
"588","Carduelis spinus"
"589","Carduelis uropygialis"
"590","Carduelis xanthogastra"
"591","Carduelis yarrellii"
"592","Cariama cristata"
"593","Caryothraustes canadensis"
"594","Caryothraustes poliogaster"
"595","Cathartes burrovianus"
"596","Cathartes melambrotus"
"597","Catharus aurantiirostris"
"598","Catharus bicknelli"
"599","Catharus dryas"
"600","Catharus fuscater"
"601","Catharus fuscescens"
"602","Catharus guttatus"
"603","Catharus mexicanus"
"604","Catharus minimus"
"605","Catharus occidentalis"
"606","Cecropis cucullata"
"607","Cecropis semirufa"
"608","Centrocercus urophasianus"
"609","Centropus anselli"
"610","Centropus bengalensis"
"611","Centropus bernsteini"
"612","Centropus chalybeus"
"613","Centropus chlororhynchos"
"614","Centropus cupreicaudus"
"615","Centropus goliath"
"616","Centropus grillii"
"617","Centropus leucogaster"
"618","Centropus melanops"
"619","Centropus menbeki"
"620","Centropus nigrorufus"
"621","Centropus phasianinus"
"622","Centropus rectunguis"
"623","Centropus sinensis"
"624","Centropus steerii"
"625","Centropus superciliosus"
"626","Centropus toulou"
"627","Centropus unirufus"
"628","Centropus violaceus"
"629","Centropus viridis"
"630","Cercococcyx montanus"
"631","Cercococcyx olivinus"
"632","Cercomacra brasiliana"
"633","Cercomacra carbonaria"
"634","Cercomacra cinerascens"
"635","Cercomacra laeta"
"636","Cercomacra manu"
"637","Cercomacra melanaria"
"638","Cercomacra nigrescens"
"639","Cercomacra parkeri"
"640","Cercomacra serva"
"641","Cercomacra tyrannina"
"642","Cercomela dubia"
"643","Cercomela familiaris"
"644","Cercomela fusca"
"645","Cercomela melanura"
"646","Cercomela scotocerca"
"647","Cercomela sinuata"
"648","Cercomela tractrac"
"649","Cercotrichas podobe"
"650","Cereopsis novaehollandiae"
"651","Certhia americana"
"652","Certhia brachydactyla"
"653","Certhia discolor"
"654","Certhia familiaris"
"655","Certhia hodgsoni"
"656","Certhia manipurensis"
"657","Certhia nipalensis"
"658","Certhia tianquanensis"
"659","Certhidea olivacea"
"660","Certhilauda chuana"
"661","Certhilauda curvirostris"
"662","Certhilauda semitorquata"
"663","Certhilauda subcoronata"
"664","Certhionyx variegatus"
"665","Ceuthmochares aereus"
"666","Ceyx argentata"
"667","Ceyx azurea"
"668","Ceyx cyanopecta"
"669","Ceyx websteri"
"670","Chaetorhynchus papuensis"
"671","Chalcophaps indica"
"672","Chalcophaps stephani"
"673","Chalcopsitta atra"
"674","Chalcopsitta cardinalis"
"675","Chalcopsitta duivenbodei"
"676","Chalcopsitta sintillata"
"677","Chalcostigma herrani"
"678","Chalcostigma olivaceum"
"679","Chalcostigma ruficeps"
"680","Chalcostigma stanleyi"
"681","Chalybura buffonii"
"682","Chalybura urochrysia"
"683","Chamaepetes goudotii"
"684","Chamaepetes unicolor"
"685","Chasiempis sandwichensis"
"686","Chen caerulescens"
"687","Chen canagica"
"688","Chen rossii"
"689","Chenonetta jubata"
"690","Cheramoeca leucosterna"
"691","Chersomanes albofasciata"
"692","Chersophilus duponti"
"693","Chiroxiphia boliviana"
"694","Chiroxiphia caudata"
"695","Chiroxiphia linearis"
"696","Chiroxiphia pareola"
"697","Chlamydera cerviniventris"
"698","Chlamydera lauterbachi"
"699","Chlamydera maculata"
"700","Chlamydera nuchalis"
"701","Chlamydotis undulata"
"702","Chlidonias hybrida"
"703","Chlidonias leucopterus"
"704","Chlidonias niger"
"705","Chloroceryle aenea"
"706","Chloroceryle americana"
"707","Chloroceryle inda"
"708","Chlorochrysa calliparaea"
"709","Chlorochrysa nitidissima"
"710","Chlorochrysa phoenicotis"
"711","Chloropeta natalensis"
"712","Chloropeta similis"
"713","Chlorophanes spiza"
"714","Chlorornis riefferii"
"715","Chlorospingus canigularis"
"716","Chlorospingus flavigularis"
"717","Chlorospingus inornatus"
"718","Chlorospingus ophthalmicus"
"719","Chlorospingus parvirostris"
"720","Chlorospingus pileatus"
"721","Chlorospingus semifuscus"
"722","Chlorospingus tacarcunae"
"723","Chlorothraupis carmioli"
"724","Chlorothraupis olivacea"
"725","Chondestes grammacus"
"726","Chondrohierax uncinatus"
"727","Chondrohierax wilsonii"
"728","Chordeiles acutipennis"
"729","Chordeiles pusillus"
"730","Chordeiles rupestris"
"731","Chroicocephalus brunnicephalus"
"732","Chroicocephalus bulleri"
"733","Chroicocephalus cirrocephalus"
"734","Chroicocephalus genei"
"735","Chroicocephalus maculipennis"
"736","Chroicocephalus novaehollandiae"
"737","Chroicocephalus philadelphia"
"738","Chroicocephalus ridibundus"
"739","Chroicocephalus saundersi"
"740","Chroicocephalus serranus"
"741","Chrysococcyx basalis"
"742","Chrysococcyx caprius"
"743","Chrysococcyx cupreus"
"744","Chrysococcyx flavigularis"
"745","Chrysococcyx klaas"
"746","Chrysococcyx lucidus"
"747","Chrysococcyx maculatus"
"748","Chrysococcyx megarhynchus"
"749","Chrysococcyx meyeri"
"750","Chrysococcyx minutillus"
"751","Chrysococcyx osculans"
"752","Chrysococcyx xanthorhynchus"
"753","Chrysolophus amherstiae"
"754","Chrysolophus pictus"
"755","Chrysomus icterocephalus"
"756","Chrysomus ruficapillus"
"757","Chunga burmeisteri"
"758","Cichlherminia lherminieri"
"759","Ciconia boyciana"
"760","Ciconia ciconia"
"761","Ciconia episcopus"
"762","Ciconia stormi"
"763","Cinclocerthia gutturalis"
"764","Cinclocerthia ruficauda"
"765","Cinclodes albidiventris"
"766","Cinclodes antarcticus"
"767","Cinclodes aricomae"
"768","Cinclodes atacamensis"
"769","Cinclodes comechingonus"
"770","Cinclodes excelsior"
"771","Cinclodes fuscus"
"772","Cinclodes nigrofumosus"
"773","Cinclodes olrogi"
"774","Cinclodes oustaleti"
"775","Cinclodes pabsti"
"776","Cinclodes palliatus"
"777","Cinclodes taczanowskii"
"778","Cinnyricinclus leucogaster"
"779","Circaetus cinerascens"
"780","Circaetus cinereus"
"781","Circaetus fasciolatus"
"782","Circaetus gallicus"
"783","Cissopis leverianus"
"784","Clamator coromandus"
"785","Clamator glandarius"
"786","Clamator jacobinus"
"787","Clamator levaillantii"
"788","Clangula hyemalis"
"789","Clypicterus oseryi"
"790","Clytospiza monteiri"
"791","Cnemarchus erythropygius"
"792","Cnemophilus loriae"
"793","Cnemophilus macgregorii"
"794","Cnemotriccus fuscatus"
"795","Coccycua cinerea"
"796","Coccycua pumila"
"797","Coccyzus americanus"
"798","Coccyzus euleri"
"799","Coccyzus ferrugineus"
"800","Coccyzus longirostris"
"801","Coccyzus merlini"
"802","Coccyzus minor"
"803","Coccyzus pluvialis"
"804","Coccyzus rufigularis"
"805","Coccyzus vetula"
"806","Coccyzus vieilloti"
"807","Coeligena bonapartei"
"808","Coeligena helianthea"
"809","Coeligena lutetiae"
"810","Coeligena orina"
"811","Coeligena prunellei"
"812","Coeligena wilsoni"
"813","Coenocorypha aucklandica"
"814","Coenocorypha pusilla"
"815","Coereba flaveola"
"816","Colaptes atricollis"
"817","Colaptes auratus"
"818","Colaptes campestris"
"819","Colaptes fernandinae"
"820","Colaptes melanochloros"
"821","Colaptes pitius"
"822","Colaptes punctigula"
"823","Colaptes rivolii"
"824","Colaptes rubiginosus"
"825","Colaptes rupicola"
"826","Colibri delphinae"
"827","Colibri serrirostris"
"828","Colibri thalassinus"
"829","Colius colius"
"830","Colius leucocephalus"
"831","Colius striatus"
"832","Colluricincla boweri"
"833","Colluricincla harmonica"
"834","Colluricincla woodwardi"
"835","Colonia colonus"
"836","Columbina cruziana"
"837","Columbina minuta"
"838","Columbina picui"
"839","Columbina talpacoti"
"840","Compsospiza baeri"
"841","Compsospiza garleppi"
"842","Conioptilon mcilhennyi"
"843","Copsychus cebuensis"
"844","Copsychus niger"
"845","Coracina abbotti"
"846","Coracina atriceps"
"847","Coracina azurea"
"848","Coracina bicolor"
"849","Coracina boyeri"
"850","Coracina caeruleogrisea"
"851","Coracina caesia"
"852","Coracina ceramensis"
"853","Coracina coerulescens"
"854","Coracina dispar"
"855","Coracina dohertyi"
"856","Coracina fimbriata"
"857","Coracina holopolia"
"858","Coracina incerta"
"859","Coracina larvata"
"860","Coracina leucopygia"
"861","Coracina lineata"
"862","Coracina longicauda"
"863","Coracina macei"
"864","Coracina maxima"
"865","Coracina mcgregori"
"866","Coracina mindanensis"
"867","Coracina morio"
"868","Coracina newtoni"
"869","Coracina ostenta"
"870","Coracina papuensis"
"871","Coracina pectoralis"
"872","Coracina polioptera"
"873","Coracina schistacea"
"874","Coracina striata"
"875","Coracina sula"
"876","Coracina temminckii"
"877","Coracina tenuirostris"
"878","Coracina typica"
"879","Coracopsis nigra"
"880","Coracopsis vasa"
"881","Coracornis raveni"
"882","Coragyps atratus"
"883","Corapipo altera"
"884","Corapipo gutturalis"
"885","Corapipo leucorrhoa"
"886","Corcorax melanorhamphos"
"887","Corvinella corvina"
"888","Corydon sumatranus"
"889","Coryphistera alaudina"
"890","Coryphospingus cucullatus"
"891","Coryphospingus pileatus"
"892","Corythaixoides concolor"
"893","Corythaixoides personatus"
"894","Corythopis delalandi"
"895","Corythopis torquatus"
"896","Coscoroba coscoroba"
"897","Cossypha archeri"
"898","Cossypha caffra"
"899","Cossypha dichroa"
"900","Cossypha heuglini"
"901","Cossypha isabellae"
"902","Cossypha niveicapilla"
"903","Cossypha polioptera"
"904","Cossypha semirufa"
"905","Cossyphicula roberti"
"906","Coturnix coturnix"
"907","Coturnix japonica"
"908","Coturnix ypsilophora"
"909","Coua caerulea"
"910","Coua coquereli"
"911","Coua cristata"
"912","Coua cursor"
"913","Coua gigas"
"914","Coua serriana"
"915","Coua verreauxi"
"916","Crax alberti"
"917","Crax alector"
"918","Crax blumenbachii"
"919","Crax daubentoni"
"920","Crax fasciolata"
"921","Crax globulosa"
"922","Crax rubra"
"923","Creatophora cinerea"
"924","Creurgops dentatus"
"925","Creurgops verticalis"
"926","Crex crex"
"927","Crinifer piscator"
"928","Crinifer zonurus"
"929","Criniger barbatus"
"930","Criniger calurus"
"931","Criniger chloronotus"
"932","Criniger ndussumensis"
"933","Crossleyia xanthophrys"
"934","Crossoptilon auritum"
"935","Crossoptilon mantchuricum"
"936","Crotophaga ani"
"937","Crotophaga major"
"938","Crotophaga sulcirostris"
"939","Cuculus canorus"
"940","Cuculus crassirostris"
"941","Cuculus gularis"
"942","Cuculus micropterus"
"943","Cuculus poliocephalus"
"944","Cuculus rochii"
"945","Cuculus saturatus"
"946","Cuculus solitarius"
"947","Culicicapa ceylonensis"
"948","Culicicapa helianthea"
"949","Cyanerpes caeruleus"
"950","Cyanerpes lucidus"
"951","Cyanerpes nitidus"
"952","Cyanistes caeruleus"
"953","Cyanistes cyanus"
"954","Cyanochen cyanoptera"
"955","Cyanocitta cristata"
"956","Cyanocitta stelleri"
"957","Cyanocompsa brissonii"
"958","Cyanocorax affinis"
"959","Cyanocorax beecheii"
"960","Cyanocorax caeruleus"
"961","Cyanocorax chrysops"
"962","Cyanocorax cristatellus"
"963","Cyanocorax cyanomelas"
"964","Cyanocorax cyanopogon"
"965","Cyanocorax heilprini"
"966","Cyanocorax morio"
"967","Cyanocorax mystacalis"
"968","Cyanocorax sanblasianus"
"969","Cyanocorax violaceus"
"970","Cyanocorax yncas"
"971","Cyanocorax yucatanicus"
"972","Cyanolanius madagascarinus"
"973","Cyanoloxia glaucocaerulea"
"974","Cyanolyca argentigula"
"975","Cyanolyca cucullata"
"976","Cyanolyca mirabilis"
"977","Cyanolyca nana"
"978","Cyanolyca pulchra"
"979","Cyanolyca pumilo"
"980","Cyanolyca turcosa"
"981","Cyanolyca viridicyanus"
"982","Cyanoramphus auriceps"
"983","Cyanoramphus forbesi"
"984","Cyanoramphus malherbi"
"985","Cyanoramphus novaezelandiae"
"986","Cyanoramphus unicolor"
"987","Cygnus atratus"
"988","Cygnus buccinator"
"989","Cygnus columbianus"
"990","Cygnus cygnus"
"991","Cygnus olor"
"992","Cymbilaimus lineatus"
"993","Cymbilaimus sanctaemariae"
"994","Cymbirhynchus macrorhynchos"
"995","Cynanthus latirostris"
"996","Cynanthus sordidus"
"997","Cypsiurus balasiensis"
"998","Cypsiurus parvus"
"999","Cypsnagra hirundinacea"
"1000","Dacelo leachii"
"1001","Dacelo novaeguineae"
"1002","Damophila julie"
"1003","Daphoenositta chrysoptera"
"1004","Daphoenositta miranda"
"1005","Dasylophus cumingi"
"1006","Dasylophus superciliosus"
"1007","Dasyornis brachypterus"
"1008","Dasyornis broadbenti"
"1009","Dasyornis longirostris"
"1010","Delichon dasypus"
"1011","Delichon nipalense"
"1012","Delothraupis castaneoventris"
"1013","Dendrexetastes rufigula"
"1014","Dendrocincla anabatina"
"1015","Dendrocincla fuliginosa"
"1016","Dendrocolaptes certhia"
"1017","Dendrocolaptes picumnus"
"1018","Dendrocolaptes platyrostris"
"1019","Dendrocolaptes sanctithomae"
"1020","Dendrocygna arborea"
"1021","Dendrocygna autumnalis"
"1022","Dendrocygna bicolor"
"1023","Dendrocygna eytoni"
"1024","Dendrocygna guttata"
"1025","Dendrocygna javanica"
"1026","Dendrocygna viduata"
"1027","Dendroica angelae"
"1028","Dendroica caerulescens"
"1029","Dendroica castanea"
"1030","Dendroica cerulea"
"1031","Dendroica chrysoparia"
"1032","Dendroica coronata"
"1033","Dendroica discolor"
"1034","Dendroica dominica"
"1035","Dendroica graciae"
"1036","Dendroica kirtlandii"
"1037","Dendroica nigrescens"
"1038","Dendroica occidentalis"
"1039","Dendroica pensylvanica"
"1040","Dendroica petechia"
"1041","Dendroica pharetra"
"1042","Dendroica pinus"
"1043","Dendroica pityophila"
"1044","Dendroica plumbea"
"1045","Dendroica striata"
"1046","Dendroica tigrina"
"1047","Dendroica townsendi"
"1048","Dendroica virens"
"1049","Dendroica vitellina"
"1050","Dendropicos goertae"
"1051","Dendropicos griseocephalus"
"1052","Dichrozona cincta"
"1053","Dicrurus adsimilis"
"1054","Dicrurus aldabranus"
"1055","Dicrurus annectans"
"1056","Dicrurus atripennis"
"1057","Dicrurus balicassius"
"1058","Dicrurus bracteatus"
"1059","Dicrurus forficatus"
"1060","Dicrurus hottentottus"
"1061","Dicrurus ludwigii"
"1062","Dicrurus macrocercus"
"1063","Dicrurus megarhynchus"
"1064","Dicrurus paradiseus"
"1065","Didunculus strigirostris"
"1066","Diglossa albilatera"
"1067","Diglossa baritula"
"1068","Diglossa brunneiventris"
"1069","Diglossa carbonaria"
"1070","Diglossa duidae"
"1071","Diglossa gloriosa"
"1072","Diglossa gloriosissima"
"1073","Diglossa humeralis"
"1074","Diglossa lafresnayii"
"1075","Diglossa major"
"1076","Diglossa plumbea"
"1077","Diglossa venezuelensis"
"1078","Diglossopsis caerulescens"
"1079","Diglossopsis cyanea"
"1080","Dinemellia dinemelli"
"1081","Diopsittaca nobilis"
"1082","Diphyllodes magnificus"
"1083","Diphyllodes respublica"
"1084","Discosura langsdorffi"
"1085","Discosura popelairii"
"1086","Dolichonyx oryzivorus"
"1087","Dolospingus fringilloides"
"1088","Donacospiza albifrons"
"1089","Doryfera johannae"
"1090","Doryfera ludovicae"
"1091","Drepanornis albertisi"
"1092","Drepanornis bruijnii"
"1093","Dromococcyx pavoninus"
"1094","Dromococcyx phasianellus"
"1095","Drymophila caudata"
"1096","Drymophila devillei"
"1097","Drymophila ferruginea"
"1098","Drymophila genei"
"1099","Drymophila ochropyga"
"1100","Drymophila rubricollis"
"1101","Drymophila squamata"
"1102","Drymornis bridgesii"
"1103","Dubusia taeniata"
"1104","Dulus dominicus"
"1105","Dumetella carolinensis"
"1106","Dumetia hyperythra"
"1107","Dupetor flavicollis"
"1108","Dyaphorophyia castanea"
"1109","Dyaphorophyia chalybea"
"1110","Dyaphorophyia jamesoni"
"1111","Dyaphorophyia tonsa"
"1112","Egretta intermedia"
"1113","Elaenia albiceps"
"1114","Elaenia chiriquensis"
"1115","Elaenia cristata"
"1116","Elaenia dayi"
"1117","Elaenia fallax"
"1118","Elaenia flavogaster"
"1119","Elaenia frantzii"
"1120","Elaenia martinica"
"1121","Elaenia mesoleuca"
"1122","Elaenia obscura"
"1123","Elaenia pallatangae"
"1124","Elaenia parvirostris"
"1125","Elaenia pelzelni"
"1126","Elaenia ruficeps"
"1127","Elaenia spectabilis"
"1128","Eleoscytalopus indigoticus"
"1129","Eleoscytalopus psychopompus"
"1130","Eleothreptus anomalus"
"1131","Elminia albicauda"
"1132","Elminia albiventris"
"1133","Elminia albonotatus"
"1134","Elminia longicauda"
"1135","Elseyornis melanops"
"1136","Elvira chionura"
"1137","Elvira cupreiceps"
"1138","Emberiza aureola"
"1139","Emberiza bruniceps"
"1140","Emberiza cabanisi"
"1141","Emberiza caesia"
"1142","Emberiza cia"
"1143","Emberiza cioides"
"1144","Emberiza citrinella"
"1145","Emberiza elegans"
"1146","Emberiza flaviventris"
"1147","Emberiza fucata"
"1148","Emberiza godlewskii"
"1149","Emberiza hortulana"
"1150","Emberiza impetuani"
"1151","Emberiza leucocephalos"
"1152","Emberiza melanocephala"
"1153","Emberiza pallasi"
"1154","Emberiza pusilla"
"1155","Emberiza rutila"
"1156","Emberiza schoeniclus"
"1157","Emberiza siemsseni"
"1158","Emberiza spodocephala"
"1159","Emberiza striolata"
"1160","Emberiza sulphurata"
"1161","Emberiza tahapisi"
"1162","Emberiza tristrami"
"1163","Emberiza variabilis"
"1164","Emblema pictum"
"1165","Eminia lepida"
"1166","Empidonax affinis"
"1167","Empidonax alnorum"
"1168","Empidonax atriceps"
"1169","Empidonax difficilis"
"1170","Empidonax fulvifrons"
"1171","Empidonax minimus"
"1172","Empidonax oberholseri"
"1173","Empidonax occidentalis"
"1174","Empidonax traillii"
"1175","Empidonax wrightii"
"1176","Empidonomus varius"
"1177","Empidornis semipartitus"
"1178","Enicurus leschenaulti"
"1179","Enicurus maculatus"
"1180","Enicurus schistaceus"
"1181","Enicurus scouleri"
"1182","Enodes erythrophris"
"1183","Ensifera ensifera"
"1184","Entomodestes coracinus"
"1185","Entomodestes leucotis"
"1186","Eophona migratoria"
"1187","Eophona personata"
"1188","Eopsaltria australis"
"1189","Eopsaltria flaviventris"
"1190","Eopsaltria griseogularis"
"1191","Ephippiorhynchus asiaticus"
"1192","Ephippiorhynchus senegalensis"
"1193","Epimachus fastuosus"
"1194","Epimachus meyeri"
"1195","Epinecrophylla erythrura"
"1196","Epinecrophylla haematonota"
"1197","Epinecrophylla leucophthalma"
"1198","Epinecrophylla spodionota"
"1199","Epthianura albifrons"
"1200","Epthianura aurifrons"
"1201","Epthianura crocea"
"1202","Epthianura tricolor"
"1203","Eremalauda dunni"
"1204","Eremophila alpestris"
"1205","Eremophila bilopha"
"1206","Ergaticus ruber"
"1207","Ergaticus versicolor"
"1208","Erithacus akahige"
"1209","Erithacus komadori"
"1210","Erithacus rubecula"
"1211","Erythropygia barbata"
"1212","Erythropygia galactotes"
"1213","Erythropygia hartlaubi"
"1214","Erythropygia leucophrys"
"1215","Erythropygia leucosticta"
"1216","Erythropygia quadrivirgata"
"1217","Euaegotheles crinifrons"
"1218","Euaegotheles insignis"
"1219","Euaegotheles tatei"
"1220","Eucometis penicillata"
"1221","Eudocimus albus"
"1222","Eudocimus ruber"
"1223","Eugenes fulgens"
"1224","Eugerygone rubra"
"1225","Eulacestoma nigropectus"
"1226","Eulampis holosericeus"
"1227","Eulampis jugularis"
"1228","Euneornis campestris"
"1229","Eunymphicus cornutus"
"1230","Eunymphicus uvaeensis"
"1231","Eupetomena macroura"
"1232","Euphagus carolinus"
"1233","Euphagus cyanocephalus"
"1234","Euplectes afer"
"1235","Euplectes albonotatus"
"1236","Euplectes ardens"
"1237","Euplectes aureus"
"1238","Euplectes axillaris"
"1239","Euplectes capensis"
"1240","Euplectes diadematus"
"1241","Euplectes franciscanus"
"1242","Euplectes gierowii"
"1243","Euplectes hordeaceus"
"1244","Euplectes macrourus"
"1245","Euplectes nigroventris"
"1246","Euplectes orix"
"1247","Euplectes progne"
"1248","Euplectes psammocromius"
"1249","Eupodotis caerulescens"
"1250","Eupodotis humilis"
"1251","Eupodotis senegalensis"
"1252","Eurochelidon sirintarae"
"1253","Eurylaimus javanicus"
"1254","Eurylaimus ochromalus"
"1255","Eurynorhynchus pygmeus"
"1256","Euryptila subcinnamomea"
"1257","Eurypyga helias"
"1258","Eurystomus glaucurus"
"1259","Eurystomus orientalis"
"1260","Euscarthmus meloryphus"
"1261","Euscarthmus rufomarginatus"
"1262","Euschistospiza cinereovinacea"
"1263","Euschistospiza dybowskii"
"1264","Eutoxeres aquila"
"1265","Eutoxeres condamini"
"1266","Excalfactoria chinensis"
"1267","Falcipennis canadensis"
"1268","Falcipennis falcipennis"
"1269","Falco amurensis"
"1270","Falco araeus"
"1271","Falco berigora"
"1272","Falco biarmicus"
"1273","Falco cenchroides"
"1274","Falco cherrug"
"1275","Falco chicquera"
"1276","Falco columbarius"
"1277","Falco concolor"
"1278","Falco cuvierii"
"1279","Falco deiroleucus"
"1280","Falco dickinsoni"
"1281","Falco eleonorae"
"1282","Falco femoralis"
"1283","Falco jugger"
"1284","Falco longipennis"
"1285","Falco mexicanus"
"1286","Falco newtoni"
"1287","Falco novaeseelandiae"
"1288","Falco rufigularis"
"1289","Falco rusticolus"
"1290","Falco sparverius"
"1291","Falco subbuteo"
"1292","Falco subniger"
"1293","Falco tinnunculus"
"1294","Falco vespertinus"
"1295","Falco zoniventris"
"1296","Falcunculus frontatus"
"1297","Ficedula albicilla"
"1298","Ficedula albicollis"
"1299","Ficedula bonthaina"
"1300","Ficedula buruensis"
"1301","Ficedula crypta"
"1302","Ficedula disposita"
"1303","Ficedula dumetoria"
"1304","Ficedula harterti"
"1305","Ficedula hodgsonii"
"1306","Ficedula hyperythra"
"1307","Ficedula hypoleuca"
"1308","Ficedula mugimaki"
"1309","Ficedula narcissina"
"1310","Ficedula nigrorufa"
"1311","Ficedula parva"
"1312","Ficedula platenae"
"1313","Ficedula rufigula"
"1314","Ficedula timorensis"
"1315","Ficedula tricolor"
"1316","Ficedula westermanni"
"1317","Ficedula zanthopygia"
"1318","Florisuga fusca"
"1319","Florisuga mellivora"
"1320","Fluvicola albiventer"
"1321","Fluvicola nengeta"
"1322","Fluvicola pica"
"1323","Fraseria cinerascens"
"1324","Fraseria ocreata"
"1325","Frederickena unduligera"
"1326","Frederickena viridis"
"1327","Fringilla coelebs"
"1328","Fringilla teydea"
"1329","Fulica americana"
"1330","Fulica ardesiaca"
"1331","Fulica armillata"
"1332","Fulica cornuta"
"1333","Fulica gigantea"
"1334","Fulica rufifrons"
"1335","Gallus gallus"
"1336","Gallus varius"
"1337","Gavia adamsii"
"1338","Gavia immer"
"1339","Geobiastes squamiger"
"1340","Geococcyx californianus"
"1341","Geococcyx velox"
"1342","Geositta antarctica"
"1343","Geositta crassirostris"
"1344","Geositta cunicularia"
"1345","Geositta isabellina"
"1346","Geositta maritima"
"1347","Geositta poeciloptera"
"1348","Geositta punensis"
"1349","Geositta rufipennis"
"1350","Geositta saxicolina"
"1351","Geositta tenuirostris"
"1352","Geospiza conirostris"
"1353","Geospiza difficilis"
"1354","Geospiza fuliginosa"
"1355","Geospiza magnirostris"
"1356","Geospiza scandens"
"1357","Geothlypis aequinoctialis"
"1358","Geothlypis flavovelata"
"1359","Geothlypis nelsoni"
"1360","Geothlypis poliocephala"
"1361","Geothlypis semiflava"
"1362","Geothlypis speciosa"
"1363","Geothlypis trichas"
"1364","Geranoaetus melanoleucus"
"1365","Geranospiza caerulescens"
"1366","Geronticus calvus"
"1367","Geronticus eremita"
"1368","Gracula ptilogenys"
"1369","Gracula religiosa"
"1370","Gracupica contra"
"1371","Gracupica nigricollis"
"1372","Grafisia torquata"
"1373","Granatellus sallaei"
"1374","Granatellus venustus"
"1375","Grantiella picta"
"1376","Graydidascalus brachyurus"
"1377","Griseotyrannus aurantioatrocristatus"
"1378","Grus antigone"
"1379","Grus monacha"
"1380","Grus nigricollis"
"1381","Grus rubicunda"
"1382","Guarouba guarouba"
"1383","Gubernatrix cristata"
"1384","Gubernetes yetapa"
"1385","Guira guira"
"1386","Guttera plumifera"
"1387","Guttera pucherani"
"1388","Gymnocichla nudiceps"
"1389","Gymnoderus foetidus"
"1390","Gymnogyps californianus"
"1391","Gymnomystax mexicanus"
"1392","Gymnopithys leucaspis"
"1393","Gymnopithys lunulatus"
"1394","Gymnopithys rufigula"
"1395","Gymnopithys salvini"
"1396","Gypaetus barbatus"
"1397","Gyps coprotheres"
"1398","Gyps fulvus"
"1399","Gyps indicus"
"1400","Gyps rueppellii"
"1401","Gyps tenuirostris"
"1402","Haematopus ater"
"1403","Haematopus chathamensis"
"1404","Haematopus ostralegus"
"1405","Haematopus palliatus"
"1406","Haematopus unicolor"
"1407","Haematospiza sipahi"
"1408","Haliaeetus albicilla"
"1409","Haliaeetus leucocephalus"
"1410","Haliaeetus leucogaster"
"1411","Haliaeetus leucoryphus"
"1412","Haliaeetus pelagicus"
"1413","Haliaeetus sanfordi"
"1414","Haliaeetus vocifer"
"1415","Haliaeetus vociferoides"
"1416","Haliastur indus"
"1417","Haliastur sphenurus"
"1418","Hamirostra melanosternon"
"1419","Haplochelidon andecola"
"1420","Haplospiza rustica"
"1421","Haplospiza unicolor"
"1422","Harpactes ardens"
"1423","Harpactes diardii"
"1424","Harpactes duvaucelii"
"1425","Harpactes erythrocephalus"
"1426","Harpactes fasciatus"
"1427","Harpactes kasumba"
"1428","Harpactes orrhophaeus"
"1429","Harpactes wardi"
"1430","Harpactes whiteheadi"
"1431","Harpia harpyja"
"1432","Harpyhaliaetus coronatus"
"1433","Harpyhaliaetus solitarius"
"1434","Harpyopsis novaeguineae"
"1435","Hartertula flavoviridis"
"1436","Hartlaubius auratus"
"1437","Heliangelus exortis"
"1438","Heliangelus micraster"
"1439","Heliobletus contaminatus"
"1440","Heliodoxa branickii"
"1441","Heliodoxa gularis"
"1442","Heliodoxa imperatrix"
"1443","Heliodoxa jacula"
"1444","Heliodoxa leadbeateri"
"1445","Heliodoxa rubinoides"
"1446","Heliopais personatus"
"1447","Heliornis fulica"
"1448","Heliothryx auritus"
"1449","Heliothryx barroti"
"1450","Hemiprocne longipennis"
"1451","Hemiprocne mystacea"
"1452","Hemipus hirundinaceus"
"1453","Hemipus picatus"
"1454","Hemispingus calophrys"
"1455","Hemispingus frontalis"
"1456","Hemispingus melanotis"
"1457","Hemispingus parodii"
"1458","Hemispingus superciliaris"
"1459","Hemispingus trifasciatus"
"1460","Hemispingus verticalis"
"1461","Hemispingus xanthophthalmus"
"1462","Hemixos castanonotus"
"1463","Hemixos flavala"
"1464","Henicorhina leucophrys"
"1465","Henicorhina leucoptera"
"1466","Henicorhina leucosticta"
"1467","Heteromyias albispecularis"
"1468","Heteronetta atricapilla"
"1469","Heterospingus rubrifrons"
"1470","Heterospingus xanthopygius"
"1471","Hieraaetus morphnoides"
"1472","Hieraaetus pennatus"
"1473","Hieraaetus spilogaster"
"1474","Hieraaetus weiskei"
"1475","Hierococcyx sparverioides"
"1476","Hierococcyx vagans"
"1477","Hierococcyx varius"
"1478","Himantopus himantopus"
"1479","Himantopus novaezelandiae"
"1480","Himatione sanguinea"
"1481","Hippolais caligata"
"1482","Hippolais icterina"
"1483","Hippolais languida"
"1484","Hippolais olivetorum"
"1485","Hippolais opaca"
"1486","Hippolais pallida"
"1487","Hippolais polyglotta"
"1488","Hippolais rama"
"1489","Hirundinea ferruginea"
"1490","Hirundo aethiopica"
"1491","Hirundo albigularis"
"1492","Hirundo atrocaerulea"
"1493","Hirundo dimidiata"
"1494","Hirundo lucida"
"1495","Hirundo megaensis"
"1496","Hirundo neoxena"
"1497","Hirundo nigrorufa"
"1498","Hirundo smithii"
"1499","Hirundo tahitica"
"1500","Histrionicus histrionicus"
"1501","Hodgsonius phaenicuroides"
"1502","Horizorhinus dohrni"
"1503","Houbaropsis bengalensis"
"1504","Hydrocoloeus minutus"
"1505","Hydropsalis climacocerca"
"1506","Hydropsalis torquata"
"1507","Hylia prasina"
"1508","Hylocharis chrysura"
"1509","Hylocharis cyanus"
"1510","Hylocharis eliciae"
"1511","Hylocharis sapphirina"
"1512","Hylocichla mustelina"
"1513","Hylocitrea bonensis"
"1514","Hylophylax naevioides"
"1515","Hylophylax naevius"
"1516","Hylopsar cupreocauda"
"1517","Hylopsar purpureiceps"
"1518","Hymenolaimus malacorhynchos"
"1519","Hymenops perspicillatus"
"1520","Hypargos margaritatus"
"1521","Hypargos niveoguttatus"
"1522","Hypergerus atriceps"
"1523","Hypocolius ampelinus"
"1524","Hypocryptadius cinnamomeus"
"1525","Hypoedaleus guttatus"
"1526","Hypopyrrhus pyrohypogaster"
"1527","Hypsipetes borbonicus"
"1528","Hypsipetes crassirostris"
"1529","Hypsipetes leucocephalus"
"1530","Hypsipetes madagascariensis"
"1531","Hypsipetes olivaceus"
"1532","Hypsipetes parvirostris"
"1533","Ichthyaetus ichthyaetus"
"1534","Ichthyaetus melanocephalus"
"1535","Ichthyophaga humilis"
"1536","Ichthyophaga ichthyaetus"
"1537","Icterus abeillei"
"1538","Icterus auratus"
"1539","Icterus auricapillus"
"1540","Icterus bonana"
"1541","Icterus bullockii"
"1542","Icterus cayanensis"
"1543","Icterus chrysater"
"1544","Icterus cucullatus"
"1545","Icterus dominicensis"
"1546","Icterus galbula"
"1547","Icterus graceannae"
"1548","Icterus graduacauda"
"1549","Icterus gularis"
"1550","Icterus icterus"
"1551","Icterus jamaicaii"
"1552","Icterus laudabilis"
"1553","Icterus leucopteryx"
"1554","Icterus nigrogularis"
"1555","Icterus oberi"
"1556","Icterus pectoralis"
"1557","Icterus prosthemelas"
"1558","Icterus pustulatus"
"1559","Icterus spurius"
"1560","Icterus wagleri"
"1561","Ictinia mississippiensis"
"1562","Ictinia plumbea"
"1563","Idiopsar brachyurus"
"1564","Ilicura militaris"
"1565","Illadopsis albipectus"
"1566","Illadopsis cleaveri"
"1567","Illadopsis puveli"
"1568","Illadopsis pyrrhoptera"
"1569","Illadopsis rufescens"
"1570","Illadopsis rufipennis"
"1571","Incana incana"
"1572","Inezia caudata"
"1573","Inezia inornata"
"1574","Inezia subflava"
"1575","Irania gutturalis"
"1576","Irediparra gallinacea"
"1577","Irena cyanogastra"
"1578","Irena puella"
"1579","Iridophanes pulcherrimus"
"1580","Iridosornis analis"
"1581","Iridosornis porphyrocephalus"
"1582","Iridosornis reinhardti"
"1583","Iridosornis rufivertex"
"1584","Ispidina lecontei"
"1585","Ispidina picta"
"1586","Ixobrychus cinnamomeus"
"1587","Ixobrychus eurhythmus"
"1588","Ixobrychus involucris"
"1589","Ixobrychus minutus"
"1590","Ixobrychus sinensis"
"1591","Ixonotus guttatus"
"1592","Ixos everetti"
"1593","Ixos malaccensis"
"1594","Ixos mcclellandii"
"1595","Ixos philippinus"
"1596","Ixos rufigularis"
"1597","Ixos siquijorensis"
"1598","Jacana jacana"
"1599","Jacana spinosa"
"1600","Kakamega poliothorax"
"1601","Knipolegus aterrimus"
"1602","Knipolegus cyanirostris"
"1603","Knipolegus franciscanus"
"1604","Knipolegus hudsoni"
"1605","Knipolegus lophotes"
"1606","Knipolegus nigerrimus"
"1607","Knipolegus poecilurus"
"1608","Knipolegus signatus"
"1609","Knipolegus striaticeps"
"1610","Lagonosticta larvata"
"1611","Lagonosticta nitidula"
"1612","Lagonosticta rara"
"1613","Lagonosticta rufopicta"
"1614","Lagopus lagopus"
"1615","Lagopus muta"
"1616","Lalage atrovirens"
"1617","Lalage leucomela"
"1618","Lalage leucopyga"
"1619","Lalage leucopygialis"
"1620","Lalage maculosa"
"1621","Lalage nigra"
"1622","Lalage sharpei"
"1623","Lalage sueurii"
"1624","Lalage tricolor"
"1625","Lampornis amethystinus"
"1626","Lampornis calolaemus"
"1627","Lampornis castaneoventris"
"1628","Lampornis clemenciae"
"1629","Lampornis hemileucus"
"1630","Lampornis sybillae"
"1631","Lampornis viridipallens"
"1632","Lamprolaima rhami"
"1633","Lamprolia victoriae"
"1634","Lampropsar tanagrinus"
"1635","Lamprospiza melanoleuca"
"1636","Lamprotornis acuticaudus"
"1637","Lamprotornis albicapillus"
"1638","Lamprotornis caudatus"
"1639","Lamprotornis chalcurus"
"1640","Lamprotornis chloropterus"
"1641","Lamprotornis fischeri"
"1642","Lamprotornis hildebrandti"
"1643","Lamprotornis mevesii"
"1644","Lamprotornis nitens"
"1645","Lamprotornis ornatus"
"1646","Lamprotornis pulcher"
"1647","Lamprotornis purpuroptera"
"1648","Lamprotornis shelleyi"
"1649","Lamprotornis splendidus"
"1650","Lamprotornis superbus"
"1651","Lamprotornis unicolor"
"1652","Laniarius aethiopicus"
"1653","Laniarius atrococcineus"
"1654","Laniarius atroflavus"
"1655","Laniarius barbarus"
"1656","Laniarius bicolor"
"1657","Laniarius erythrogaster"
"1658","Laniarius ferrugineus"
"1659","Laniarius fuelleborni"
"1660","Laniarius leucorhynchus"
"1661","Laniarius luehderi"
"1662","Laniarius mufumbiri"
"1663","Laniarius poensis"
"1664","Laniarius ruficeps"
"1665","Laniarius turatii"
"1666","Lanio aurantius"
"1667","Lanio fulvus"
"1668","Lanio leucothorax"
"1669","Lanio versicolor"
"1670","Lanius bucephalus"
"1671","Lanius collaris"
"1672","Lanius collurio"
"1673","Lanius cristatus"
"1674","Lanius dorsalis"
"1675","Lanius excubitor"
"1676","Lanius excubitoroides"
"1677","Lanius isabellinus"
"1678","Lanius ludovicianus"
"1679","Lanius mackinnoni"
"1680","Lanius minor"
"1681","Lanius nubicus"
"1682","Lanius senator"
"1683","Lanius sphenocercus"
"1684","Lanius tephronotus"
"1685","Larus armenicus"
"1686","Larus cachinnans"
"1687","Larus californicus"
"1688","Larus fuscus"
"1689","Larus michahellis"
"1690","Leiothrix argentauris"
"1691","Leiothrix lutea"
"1692","Lepidocolaptes affinis"
"1693","Lepidocolaptes albolineatus"
"1694","Lepidocolaptes angustirostris"
"1695","Lepidocolaptes falcinellus"
"1696","Lepidocolaptes lacrymiger"
"1697","Lepidocolaptes leucogaster"
"1698","Lepidocolaptes souleyetii"
"1699","Lepidocolaptes squamatus"
"1700","Lepidothrix coeruleocapilla"
"1701","Lepidothrix coronata"
"1702","Lepidothrix iris"
"1703","Lepidothrix nattereri"
"1704","Lepidothrix serena"
"1705","Lepidothrix suavissima"
"1706","Leptopoecile elegans"
"1707","Leptopoecile sophiae"
"1708","Lesbia nuna"
"1709","Lesbia victoriae"
"1710","Lessonia oreas"
"1711","Lessonia rufa"
"1712","Leucophaeus modestus"
"1713","Leucophaeus scoresbii"
"1714","Leucopternis albicollis"
"1715","Leucopternis kuhli"
"1716","Leucopternis lacernulatus"
"1717","Leucopternis melanops"
"1718","Leucopternis polionotus"
"1719","Leucopternis princeps"
"1720","Leucosticte atrata"
"1721","Leucosticte australis"
"1722","Leucosticte tephrocotis"
"1723","Limicola falcinellus"
"1724","Limnornis curvirostris"
"1725","Limnothlypis swainsonii"
"1726","Limosa fedoa"
"1727","Limosa haemastica"
"1728","Limosa lapponica"
"1729","Limosa limosa"
"1730","Liocichla omeiensis"
"1731","Liocichla phoenicea"
"1732","Liocichla steerii"
"1733","Lioptilus nigricapillus"
"1734","Liosceles thoracicus"
"1735","Lissotis hartlaubii"
"1736","Lissotis melanogaster"
"1737","Loboparadisea sericea"
"1738","Lochmias nematura"
"1739","Locustella certhiola"
"1740","Locustella fluviatilis"
"1741","Locustella luscinioides"
"1742","Locustella ochotensis"
"1743","Locustella pleskei"
"1744","Locustella pryeri"
"1745","Lophodytes cucullatus"
"1746","Lophoictinia isura"
"1747","Lophophanes cristatus"
"1748","Lophophanes dichrous"
"1749","Lophophorus impejanus"
"1750","Lophophorus sclateri"
"1751","Lophospingus griseocristatus"
"1752","Lophospingus pusillus"
"1753","Lophotis gindiana"
"1754","Lophotis savilei"
"1755","Lophotriccus galeatus"
"1756","Lophotriccus pileatus"
"1757","Lophotriccus vitiosus"
"1758","Lophura bulweri"
"1759","Lophura diardi"
"1760","Lophura erythrophthalma"
"1761","Lophura ignita"
"1762","Lophura inornata"
"1763","Lophura leucomelanos"
"1764","Lophura nycthemera"
"1765","Loxia curvirostra"
"1766","Loxia leucoptera"
"1767","Loxia megaplaga"
"1768","Loxia pytyopsittacus"
"1769","Loxia scotica"
"1770","Loxigilla noctis"
"1771","Loxigilla portoricensis"
"1772","Loxigilla violacea"
"1773","Loxipasser anoxanthus"
"1774","Loxops caeruleirostris"
"1775","Loxops coccineus"
"1776","Lurocalis rufiventris"
"1777","Lurocalis semitorquatus"
"1778","Luscinia brunnea"
"1779","Luscinia calliope"
"1780","Luscinia cyane"
"1781","Luscinia luscinia"
"1782","Luscinia megarhynchos"
"1783","Luscinia pectoralis"
"1784","Luscinia sibilans"
"1785","Luscinia svecica"
"1786","Lyrurus mlokosiewiczi"
"1787","Lyrurus tetrix"
"1788","Machaeropterus deliciosus"
"1789","Machaeropterus pyrocephalus"
"1790","Machaeropterus regulus"
"1791","Macheiramphus alcinus"
"1792","Machetornis rixosa"
"1793","Mackenziaena leachii"
"1794","Mackenziaena severa"
"1795","Macroagelaius imthurni"
"1796","Macroagelaius subalaris"
"1797","Macrodipteryx longipennis"
"1798","Macrodipteryx vexillarius"
"1799","Manacus aurantiacus"
"1800","Manacus candei"
"1801","Manacus manacus"
"1802","Manacus vitellinus"
"1803","Manorina flavigula"
"1804","Manorina melanocephala"
"1805","Manucodia ater"
"1806","Manucodia chalybatus"
"1807","Manucodia comrii"
"1808","Manucodia jobiensis"
"1809","Margarornis bellulus"
"1810","Margarornis squamiger"
"1811","Masius chrysopterus"
"1812","Megabyas flammulatus"
"1813","Megaceryle alcyon"
"1814","Megaceryle torquata"
"1815","Megacrex inepta"
"1816","Megarynchus pitangua"
"1817","Megastictus margaritatus"
"1818","Megaxenops parnaguae"
"1819","Melampitta gigantea"
"1820","Melampitta lugubris"
"1821","Melanitta fusca"
"1822","Melanitta perspicillata"
"1823","Melanochlora sultanea"
"1824","Melanodera melanodera"
"1825","Melanodera xanthogramma"
"1826","Melanodryas cucullata"
"1827","Melanodryas vittata"
"1828","Melanopareia maximiliani"
"1829","Melanopareia torquata"
"1830","Melanoptila glabrirostris"
"1831","Melanospiza richardsoni"
"1832","Melanotis caerulescens"
"1833","Melanotis hypoleucus"
"1834","Melierax canorus"
"1835","Melierax poliopterus"
"1836","Meliphaga albilineata"
"1837","Meliphaga albonotata"
"1838","Meliphaga analoga"
"1839","Meliphaga aruensis"
"1840","Meliphaga gracilis"
"1841","Meliphaga lewinii"
"1842","Meliphaga mimikae"
"1843","Meliphaga montana"
"1844","Meliphaga notata"
"1845","Meliphaga orientalis"
"1846","Meliphaga reticulata"
"1847","Melithreptus affinis"
"1848","Melithreptus brevirostris"
"1849","Melithreptus gularis"
"1850","Melithreptus lunatus"
"1851","Melocichla mentalis"
"1852","Melopyrrha nigra"
"1853","Melospiza georgiana"
"1854","Melospiza lincolnii"
"1855","Melozone biarcuata"
"1856","Melozone leucotis"
"1857","Merganetta armata"
"1858","Mergellus albellus"
"1859","Mergus merganser"
"1860","Mergus serrator"
"1861","Mergus squamatus"
"1862","Meropogon forsteni"
"1863","Merops albicollis"
"1864","Merops apiaster"
"1865","Merops breweri"
"1866","Merops bullockoides"
"1867","Merops bulocki"
"1868","Merops gularis"
"1869","Merops leschenaulti"
"1870","Merops malimbicus"
"1871","Merops muelleri"
"1872","Merops nubicus"
"1873","Merops oreobates"
"1874","Merops ornatus"
"1875","Merops persicus"
"1876","Merops pusillus"
"1877","Merops superciliosus"
"1878","Merops variegatus"
"1879","Merops viridis"
"1880","Mesitornis unicolor"
"1881","Mesitornis variegatus"
"1882","Metabolus rugensis"
"1883","Metallura baroni"
"1884","Metallura eupogon"
"1885","Metallura phoebe"
"1886","Metallura theresiae"
"1887","Metallura tyrianthina"
"1888","Metallura williami"
"1889","Metriopelia aymara"
"1890","Metriopelia ceciliae"
"1891","Metriopelia melanoptera"
"1892","Metriopelia morenoi"
"1893","Microligea palustris"
"1894","Microparra capensis"
"1895","Microrhopias quixensis"
"1896","Milvago chimachima"
"1897","Milvago chimango"
"1898","Milvus migrans"
"1899","Milvus milvus"
"1900","Mimus dorsalis"
"1901","Mimus gilvus"
"1902","Mimus graysoni"
"1903","Mimus macdonaldi"
"1904","Mimus melanotis"
"1905","Mimus parvulus"
"1906","Mimus patagonicus"
"1907","Mimus polyglottos"
"1908","Mimus thenca"
"1909","Mimus trifasciatus"
"1910","Mimus triurus"
"1911","Minla ignotincta"
"1912","Minla strigula"
"1913","Mino anais"
"1914","Mino dumontii"
"1915","Mionectes macconnelli"
"1916","Mionectes oleagineus"
"1917","Mionectes olivaceus"
"1918","Mionectes rufiventris"
"1919","Mionectes striaticollis"
"1920","Mitrephanes olivaceus"
"1921","Mitrephanes phaeocercus"
"1922","Mitrospingus cassinii"
"1923","Mitrospingus oleagineus"
"1924","Mitu mitu"
"1925","Mitu tomentosum"
"1926","Mitu tuberosum"
"1927","Modulatrix stictigula"
"1928","Mohoua albicilla"
"1929","Mohoua ochrocephala"
"1930","Molothrus ater"
"1931","Molothrus bonariensis"
"1932","Monticola angolensis"
"1933","Monticola erythronotus"
"1934","Monticola gularis"
"1935","Monticola rufiventris"
"1936","Monticola rufocinereus"
"1937","Monticola rupestris"
"1938","Monticola saxatilis"
"1939","Monticola sharpei"
"1940","Monticola solitarius"
"1941","Montifringilla adamsi"
"1942","Montifringilla nivalis"
"1943","Morphnus guianensis"
"1944","Motacilla alba"
"1945","Motacilla capensis"
"1946","Motacilla cinerea"
"1947","Motacilla citreola"
"1948","Motacilla clara"
"1949","Motacilla flava"
"1950","Motacilla madaraspatensis"
"1951","Muscicapella hodgsoni"
"1952","Muscisaxicola albifrons"
"1953","Muscisaxicola albilora"
"1954","Muscisaxicola alpinus"
"1955","Muscisaxicola capistratus"
"1956","Muscisaxicola cinereus"
"1957","Muscisaxicola flavinucha"
"1958","Muscisaxicola fluviatilis"
"1959","Muscisaxicola frontalis"
"1960","Muscisaxicola juninensis"
"1961","Muscisaxicola maclovianus"
"1962","Muscisaxicola rufivertex"
"1963","Musophaga rossae"
"1964","Musophaga violacea"
"1965","Myadestes coloratus"
"1966","Myadestes elisabeth"
"1967","Myadestes genibarbis"
"1968","Myadestes melanops"
"1969","Myadestes obscurus"
"1970","Myadestes occidentalis"
"1971","Myadestes townsendi"
"1972","Myadestes unicolor"
"1973","Mycteria cinerea"
"1974","Mycteria leucocephala"
"1975","Myiobius atricaudus"
"1976","Myiobius barbatus"
"1977","Myiobius sulphureipygius"
"1978","Myiobius villosus"
"1979","Myioborus albifacies"
"1980","Myioborus cardonai"
"1981","Myioborus castaneocapillus"
"1982","Myioborus flavivertex"
"1983","Myioborus melanocephalus"
"1984","Myioborus ornatus"
"1985","Myioborus pariae"
"1986","Myioborus torquatus"
"1987","Myiomela diana"
"1988","Myiomela leucura"
"1989","Myiopagis caniceps"
"1990","Myiopagis flavivertex"
"1991","Myiopagis gaimardii"
"1992","Myiopagis olallai"
"1993","Myiopagis subplacens"
"1994","Myiopagis viridicata"
"1995","Myiophobus cryptoxanthus"
"1996","Myiophobus fasciatus"
"1997","Myiophobus flavicans"
"1998","Myiophobus lintoni"
"1999","Myiophobus ochraceiventris"
"2000","Myiophobus roraimae"
"2001","Myiopsitta monachus"
"2002","Myiozetetes cayanensis"
"2003","Myiozetetes luteiventris"
"2004","Myiozetetes similis"
"2005","Myrmeciza atrothorax"
"2006","Myrmeciza berlepschi"
"2007","Myrmeciza castanea"
"2008","Myrmeciza exsul"
"2009","Myrmeciza fortis"
"2010","Myrmeciza goeldii"
"2011","Myrmeciza griseiceps"
"2012","Myrmeciza hemimelaena"
"2013","Myrmeciza immaculata"
"2014","Myrmeciza laemosticta"
"2015","Myrmeciza loricata"
"2016","Myrmeciza melanoceps"
"2017","Myrmeciza nigricauda"
"2018","Myrmeciza pelzelni"
"2019","Myrmeciza squamosa"
"2020","Myrmecocichla aethiops"
"2021","Myrmecocichla melaena"
"2022","Myrmecocichla nigra"
"2023","Myrmia micrura"
"2024","Myrmorchilus strigilatus"
"2025","Myrmothera campanisona"
"2026","Myrmothera simplex"
"2027","Myrtis fanny"
"2028","Mystacornis crossleyi"
"2029","Namibornis herero"
"2030","Nannopsittaca dachilleae"
"2031","Nannopsittaca panychlora"
"2032","Napothera brevicaudata"
"2033","Napothera crassa"
"2034","Nasica longirostris"
"2035","Neochelidon tibialis"
"2036","Neochmia modesta"
"2037","Neochmia phaeton"
"2038","Neochmia ruficauda"
"2039","Neochmia temporalis"
"2040","Neocichla gutturalis"
"2041","Neocossyphus rufus"
"2042","Neolalage banksiana"
"2043","Neomixis striatigula"
"2044","Neomixis tenella"
"2045","Neomorphus geoffroyi"
"2046","Neomorphus pucheranii"
"2047","Neomorphus radiolosus"
"2048","Neomorphus rufipennis"
"2049","Neopelma aurifrons"
"2050","Neopelma chrysocephalum"
"2051","Neopelma pallescens"
"2052","Neopelma sulphureiventer"
"2053","Neophema chrysogaster"
"2054","Neophema chrysostoma"
"2055","Neophema elegans"
"2056","Neophema petrophila"
"2057","Neophema pulchella"
"2058","Neophema splendida"
"2059","Neophron percnopterus"
"2060","Neopsittacus musschenbroekii"
"2061","Neopsittacus pullicauda"
"2062","Neothraupis fasciata"
"2063","Neotis denhami"
"2064","Neotis heuglinii"
"2065","Neotis ludwigii"
"2066","Neoxolmis rufiventris"
"2067","Nephelornis oneilli"
"2068","Nesoenas mayeri"
"2069","Nesoenas picturata"
"2070","Nesopsar nigerrimus"
"2071","Nestor meridionalis"
"2072","Nestor notabilis"
"2073","Nilaus afer"
"2074","Niltava davidi"
"2075","Niltava grandis"
"2076","Niltava macgrigoriae"
"2077","Niltava sundara"
"2078","Niltava vivida"
"2079","Nisaetus alboniger"
"2080","Nisaetus bartelsi"
"2081","Nisaetus cirrhatus"
"2082","Nisaetus nipalensis"
"2083","Nisaetus philippensis"
"2084","Northiella haematogaster"
"2085","Nothocrax urumutum"
"2086","Notiochelidon cyanoleuca"
"2087","Notiochelidon flavipes"
"2088","Notiochelidon murina"
"2089","Notiochelidon pileata"
"2090","Notiomystis cincta"
"2091","Notopholia corruscus"
"2092","Nucifraga caryocatactes"
"2093","Nucifraga columbiana"
"2094","Numenius americanus"
"2095","Numenius arquata"
"2096","Numenius madagascariensis"
"2097","Numenius minutus"
"2098","Numenius phaeopus"
"2099","Numenius tahitiensis"
"2100","Nyctibius aethereus"
"2101","Nyctibius grandis"
"2102","Nyctibius griseus"
"2103","Nyctibius jamaicensis"
"2104","Nyctibius leucopterus"
"2105","Nyctibius maculosus"
"2106","Nycticorax caledonicus"
"2107","Nycticorax nycticorax"
"2108","Nyctiphrynus mcleodii"
"2109","Nyctiphrynus ocellatus"
"2110","Nyctiphrynus yucatanicus"
"2111","Nymphicus hollandicus"
"2112","Ochetorhynchus andaecola"
"2113","Ochetorhynchus melanurus"
"2114","Ochetorhynchus phoenicurus"
"2115","Ochetorhynchus ruficaudus"
"2116","Ochthornis littoralis"
"2117","Ocyalus latirostris"
"2118","Oedistoma iliolophum"
"2119","Oedistoma pygmaeum"
"2120","Oenanthe albonigra"
"2121","Oenanthe bottae"
"2122","Oenanthe chrysopygia"
"2123","Oenanthe cypriaca"
"2124","Oenanthe deserti"
"2125","Oenanthe finschii"
"2126","Oenanthe hispanica"
"2127","Oenanthe isabellina"
"2128","Oenanthe leucopyga"
"2129","Oenanthe leucura"
"2130","Oenanthe lugens"
"2131","Oenanthe monacha"
"2132","Oenanthe monticola"
"2133","Oenanthe picata"
"2134","Oenanthe pleschanka"
"2135","Oenanthe xanthoprymna"
"2136","Onychognathus albirostris"
"2137","Onychognathus blythii"
"2138","Onychognathus frater"
"2139","Onychognathus fulgidus"
"2140","Onychognathus morio"
"2141","Onychognathus salvadorii"
"2142","Onychognathus tristramii"
"2143","Onychognathus walleri"
"2144","Onychoprion albostriatus"
"2145","Opisthoprora euryptera"
"2146","Oporornis formosus"
"2147","Oporornis philadelphia"
"2148","Oporornis tolmiei"
"2149","Oreolais pulchra"
"2150","Oreolais ruwenzorii"
"2151","Oreomystis mana"
"2152","Oreonympha nobilis"
"2153","Oreotrochilus chimborazo"
"2154","Oreotrochilus estella"
"2155","Oreotrochilus leucopleurus"
"2156","Oreotrochilus melanogaster"
"2157","Oriolus albiloris"
"2158","Oriolus bouroensis"
"2159","Oriolus brachyrhynchus"
"2160","Oriolus chinensis"
"2161","Oriolus chlorocephalus"
"2162","Oriolus cruentus"
"2163","Oriolus flavocinctus"
"2164","Oriolus forsteni"
"2165","Oriolus hosii"
"2166","Oriolus isabellae"
"2167","Oriolus larvatus"
"2168","Oriolus melanotis"
"2169","Oriolus monacha"
"2170","Oriolus nigripennis"
"2171","Oriolus oriolus"
"2172","Oriolus percivali"
"2173","Oriolus phaeochromus"
"2174","Oriolus sagittatus"
"2175","Oriolus szalayi"
"2176","Oriolus traillii"
"2177","Oriolus xanthornus"
"2178","Oriturus superciliosus"
"2179","Ortalis canicollis"
"2180","Ortalis cinereiceps"
"2181","Ortalis garrula"
"2182","Ortalis guttata"
"2183","Ortalis leucogastra"
"2184","Ortalis motmot"
"2185","Ortalis poliocephala"
"2186","Ortalis ruficauda"
"2187","Ortalis vetula"
"2188","Orthonyx novaeguineae"
"2189","Orthonyx spaldingii"
"2190","Orthonyx temminckii"
"2191","Otidiphaps nobilis"
"2192","Otis tarda"
"2193","Oxylabes madagascariensis"
"2194","Oxypogon guerinii"
"2195","Oxyura australis"
"2196","Oxyura jamaicensis"
"2197","Oxyura leucocephala"
"2198","Oxyura maccoa"
"2199","Oxyura vittata"
"2200","Pachycephalopsis hattamensis"
"2201","Pachycephalopsis poliosoma"
"2202","Pachycoccyx audeberti"
"2203","Pachyramphus aglaiae"
"2204","Pachyramphus albogriseus"
"2205","Pachyramphus castaneus"
"2206","Pachyramphus cinnamomeus"
"2207","Pachyramphus homochrous"
"2208","Pachyramphus major"
"2209","Pachyramphus marginatus"
"2210","Pachyramphus polychopterus"
"2211","Pachyramphus rufus"
"2212","Pachyramphus spodiurus"
"2213","Palmeria dolei"
"2214","Panterpe insignis"
"2215","Parabuteo unicinctus"
"2216","Paradigalla brevicauda"
"2217","Paradigalla carunculata"
"2218","Paradisaea apoda"
"2219","Paradisaea decora"
"2220","Paradisaea raggiana"
"2221","Paradisaea rubra"
"2222","Paramythia montium"
"2223","Pardalotus punctatus"
"2224","Pardalotus rubricatus"
"2225","Pardalotus striatus"
"2226","Parkerthraustes humeralis"
"2227","Paroaria baeri"
"2228","Paroaria capitata"
"2229","Paroaria coronata"
"2230","Paroaria gularis"
"2231","Parophasma galinieri"
"2232","Parotia carolae"
"2233","Parotia helenae"
"2234","Parotia lawesii"
"2235","Parotia sefilata"
"2236","Parotia wahnesi"
"2237","Parula americana"
"2238","Parula gutturalis"
"2239","Parula pitiayumi"
"2240","Parula superciliosa"
"2241","Parus afer"
"2242","Parus albiventris"
"2243","Parus fasciiventer"
"2244","Parus funereus"
"2245","Parus humilis"
"2246","Parus major"
"2247","Parus monticolus"
"2248","Parus niger"
"2249","Parus rufiventris"
"2250","Parus spilonotus"
"2251","Parus xanthogenys"
"2252","Passerella iliaca"
"2253","Passerina amoena"
"2254","Passerina caerulea"
"2255","Passerina ciris"
"2256","Passerina versicolor"
"2257","Pastor roseus"
"2258","Patagioenas araucana"
"2259","Patagioenas cayennensis"
"2260","Patagioenas fasciata"
"2261","Patagioenas flavirostris"
"2262","Patagioenas leucocephala"
"2263","Patagioenas maculosa"
"2264","Patagioenas oenops"
"2265","Patagioenas picazuro"
"2266","Patagioenas plumbea"
"2267","Patagioenas squamosa"
"2268","Patagioenas subvinacea"
"2269","Pauxi pauxi"
"2270","Pavo cristatus"
"2271","Pavo muticus"
"2272","Peneoenanthe pulverulenta"
"2273","Peneothello bimaculata"
"2274","Peneothello cyanus"
"2275","Peneothello sigillata"
"2276","Pentholaea arnotti"
"2277","Perdix dauurica"
"2278","Perdix perdix"
"2279","Pericrocotus brevirostris"
"2280","Pericrocotus cantonensis"
"2281","Pericrocotus cinnamomeus"
"2282","Pericrocotus divaricatus"
"2283","Pericrocotus ethologus"
"2284","Pericrocotus igneus"
"2285","Pericrocotus lansbergei"
"2286","Pericrocotus miniatus"
"2287","Pericrocotus roseus"
"2288","Pericrocotus tegimae"
"2289","Periparus amabilis"
"2290","Periparus ater"
"2291","Periparus elegans"
"2292","Periparus rubidiventris"
"2293","Periparus rufonuchalis"
"2294","Periparus venustulus"
"2295","Periporphyrus erythromelas"
"2296","Perisoreus infaustus"
"2297","Perisoreus internigrans"
"2298","Perissocephalus tricolor"
"2299","Pernis apivorus"
"2300","Pernis celebensis"
"2301","Pernis ptilorhynchus"
"2302","Petrochelidon ariel"
"2303","Petrochelidon fluvicola"
"2304","Petrochelidon fulva"
"2305","Petrochelidon nigricans"
"2306","Petrochelidon preussi"
"2307","Petrochelidon pyrrhonota"
"2308","Petrochelidon rufigula"
"2309","Petrochelidon rufocollaris"
"2310","Petroica australis"
"2311","Petroica goodenovii"
"2312","Petroica macrocephala"
"2313","Petroica multicolor"
"2314","Petroica phoenicea"
"2315","Petroica rodinogaster"
"2316","Petroica rosea"
"2317","Petroica traversi"
"2318","Pezoporus occidentalis"
"2319","Pezoporus wallicus"
"2320","Phaenicophaeus curvirostris"
"2321","Phaenicophaeus diardi"
"2322","Phaenicophaeus pyrrhocephalus"
"2323","Phaenicophaeus sumatranus"
"2324","Phaenicophaeus tristis"
"2325","Phaenicophaeus viridirostris"
"2326","Phaenicophilus palmarum"
"2327","Phaenicophilus poliocephalus"
"2328","Phaeothlypis fulvicauda"
"2329","Phaeothlypis rivularis"
"2330","Phaethornis atrimentalis"
"2331","Phaethornis augusti"
"2332","Phaethornis bourcieri"
"2333","Phaethornis eurynome"
"2334","Phaethornis griseogularis"
"2335","Phaethornis guy"
"2336","Phaethornis hispidus"
"2337","Phaethornis koepckeae"
"2338","Phaethornis malaris"
"2339","Phaethornis philippii"
"2340","Phaethornis pretrei"
"2341","Phaethornis ruber"
"2342","Phaethornis striigularis"
"2343","Phaethornis subochraceus"
"2344","Phaethornis superciliosus"
"2345","Phaethornis yaruqui"
"2346","Phalaropus fulicarius"
"2347","Phalaropus lobatus"
"2348","Pharomachrus antisianus"
"2349","Pharomachrus auriceps"
"2350","Pharomachrus fulgidus"
"2351","Pharomachrus pavoninus"
"2352","Phasianus colchicus"
"2353","Phasianus versicolor"
"2354","Phedina brazzae"
"2355","Philentoma pyrhoptera"
"2356","Philentoma velata"
"2357","Philesturnus carunculatus"
"2358","Philetairus socius"
"2359","Philohydor lictor"
"2360","Philomachus pugnax"
"2361","Phimosus infuscatus"
"2362","Phlegopsis nigromaculata"
"2363","Phleocryptes melanops"
"2364","Phoeniconaias minor"
"2365","Phoenicopterus andinus"
"2366","Phoenicopterus chilensis"
"2367","Phoenicopterus jamesi"
"2368","Phoenicopterus roseus"
"2369","Phoenicurus auroreus"
"2370","Phoenicurus caeruleocephala"
"2371","Phoenicurus erythrogastrus"
"2372","Phoenicurus erythronotus"
"2373","Phoenicurus frontalis"
"2374","Phoenicurus hodgsoni"
"2375","Phoenicurus moussieri"
"2376","Phoenicurus ochruros"
"2377","Phoenicurus phoenicurus"
"2378","Phoenicurus schisticeps"
"2379","Pholidornis rushiae"
"2380","Phrygilus alaudinus"
"2381","Phrygilus atriceps"
"2382","Phrygilus carbonarius"
"2383","Phrygilus dorsalis"
"2384","Phrygilus fruticeti"
"2385","Phrygilus gayi"
"2386","Phrygilus patagonicus"
"2387","Phrygilus plebejus"
"2388","Phrygilus unicolor"
"2389","Phylidonyris niger"
"2390","Phylidonyris novaehollandiae"
"2391","Phyllastrephus albigularis"
"2392","Phyllastrephus cabanisi"
"2393","Phyllastrephus cerviniventris"
"2394","Phyllastrephus fischeri"
"2395","Phyllastrephus flavostriatus"
"2396","Phyllastrephus hypochloris"
"2397","Phyllastrephus poensis"
"2398","Phyllastrephus strepitans"
"2399","Phyllastrephus xavieri"
"2400","Phylloscopus affinis"
"2401","Phylloscopus amoenus"
"2402","Phylloscopus armandii"
"2403","Phylloscopus borealis"
"2404","Phylloscopus borealoides"
"2405","Phylloscopus canariensis"
"2406","Phylloscopus cantator"
"2407","Phylloscopus cebuensis"
"2408","Phylloscopus chloronotus"
"2409","Phylloscopus claudiae"
"2410","Phylloscopus coronatus"
"2411","Phylloscopus davisoni"
"2412","Phylloscopus forresti"
"2413","Phylloscopus fuligiventer"
"2414","Phylloscopus fuscatus"
"2415","Phylloscopus goodsoni"
"2416","Phylloscopus griseolus"
"2417","Phylloscopus humei"
"2418","Phylloscopus ijimae"
"2419","Phylloscopus inornatus"
"2420","Phylloscopus kansuensis"
"2421","Phylloscopus laetus"
"2422","Phylloscopus maculipennis"
"2423","Phylloscopus magnirostris"
"2424","Phylloscopus occipitalis"
"2425","Phylloscopus ogilviegranti"
"2426","Phylloscopus olivaceus"
"2427","Phylloscopus poliocephalus"
"2428","Phylloscopus presbytes"
"2429","Phylloscopus proregulus"
"2430","Phylloscopus pulcher"
"2431","Phylloscopus reguloides"
"2432","Phylloscopus ricketti"
"2433","Phylloscopus ruficapilla"
"2434","Phylloscopus schwarzi"
"2435","Phylloscopus sindianus"
"2436","Phylloscopus tenellipes"
"2437","Phylloscopus trivirgatus"
"2438","Phylloscopus umbrovirens"
"2439","Phylloscopus xanthoschistos"
"2440","Phylloscopus yunnanensis"
"2441","Picathartes gymnocephalus"
"2442","Picathartes oreas"
"2443","Picoides albolarvatus"
"2444","Picoides arizonae"
"2445","Picoides nuttallii"
"2446","Picoides scalaris"
"2447","Picoides stricklandi"
"2448","Picoides villosus"
"2449","Picus canus"
"2450","Picus chlorolophus"
"2451","Picus erythropygius"
"2452","Picus flavinucha"
"2453","Picus mentalis"
"2454","Picus puniceus"
"2455","Picus rabieri"
"2456","Picus vaillantii"
"2457","Picus viridanus"
"2458","Picus viridis"
"2459","Picus vittatus"
"2460","Picus xanthopygaeus"
"2461","Pinarochroa sordida"
"2462","Pinaroloxias inornata"
"2463","Pionites leucogaster"
"2464","Pionites melanocephalus"
"2465","Pionus chalcopterus"
"2466","Pionus maximiliani"
"2467","Pionus menstruus"
"2468","Pionus senilis"
"2469","Pionus sordidus"
"2470","Pionus tumultuosus"
"2471","Pipile cumanensis"
"2472","Pipile jacutinga"
"2473","Pipile pipile"
"2474","Pipilo aberti"
"2475","Pipilo albicollis"
"2476","Pipilo chlorurus"
"2477","Pipilo crissalis"
"2478","Pipilo erythrophthalmus"
"2479","Pipilo fuscus"
"2480","Pipilo maculatus"
"2481","Pipilo ocai"
"2482","Pipra aureola"
"2483","Pipra erythrocephala"
"2484","Pipra fasciicauda"
"2485","Pipra filicauda"
"2486","Pipra mentalis"
"2487","Pipra pipra"
"2488","Pipraeidea melanonota"
"2489","Piranga bidentata"
"2490","Piranga erythrocephala"
"2491","Piranga flava"
"2492","Piranga leucoptera"
"2493","Piranga ludoviciana"
"2494","Piranga olivacea"
"2495","Piranga rubra"
"2496","Piranga rubriceps"
"2497","Pitangus sulphuratus"
"2498","Pithecophaga jefferyi"
"2499","Pithys albifrons"
"2500","Pithys castaneus"
"2501","Pitohui cristatus"
"2502","Pitohui dichrous"
"2503","Pitohui ferrugineus"
"2504","Pitohui incertus"
"2505","Pitohui kirhocephalus"
"2506","Pitta anerythra"
"2507","Pitta angolensis"
"2508","Pitta arquata"
"2509","Pitta baudii"
"2510","Pitta elegans"
"2511","Pitta elliotii"
"2512","Pitta erythrogaster"
"2513","Pitta granatina"
"2514","Pitta guajana"
"2515","Pitta gurneyi"
"2516","Pitta iris"
"2517","Pitta kochi"
"2518","Pitta maxima"
"2519","Pitta nipalensis"
"2520","Pitta nympha"
"2521","Pitta reichenowi"
"2522","Pitta sordida"
"2523","Pitta soror"
"2524","Pitta steerii"
"2525","Pitta superba"
"2526","Pitta versicolor"
"2527","Pittasoma michleri"
"2528","Pittasoma rufopileatum"
"2529","Pityriasis gymnocephala"
"2530","Platycercus adscitus"
"2531","Platycercus caledonicus"
"2532","Platycercus elegans"
"2533","Platycercus eximius"
"2534","Platyrinchus coronatus"
"2535","Platyrinchus leucoryphus"
"2536","Platyrinchus mystaceus"
"2537","Platyrinchus platyrhynchos"
"2538","Platyrinchus saturatus"
"2539","Platysmurus leucopterus"
"2540","Platyspiza crassirostris"
"2541","Platysteira albifrons"
"2542","Platysteira cyanea"
"2543","Platysteira laticincta"
"2544","Platysteira peltata"
"2545","Plectorhyncha lanceolata"
"2546","Plectrophenax hyperboreus"
"2547","Plectrophenax nivalis"
"2548","Plegadis chihi"
"2549","Plegadis falcinellus"
"2550","Plegadis ridgwayi"
"2551","Pluvialis apricaria"
"2552","Pluvialis dominica"
"2553","Pluvialis fulva"
"2554","Pluvialis squatarola"
"2555","Podager nacunda"
"2556","Podargus papuensis"
"2557","Podargus strigoides"
"2558","Podiceps auritus"
"2559","Podiceps cristatus"
"2560","Podiceps grisegena"
"2561","Podiceps major"
"2562","Podiceps nigricollis"
"2563","Podilymbus podiceps"
"2564","Poecile atricapillus"
"2565","Poecile carolinensis"
"2566","Poecile cinctus"
"2567","Poecile davidi"
"2568","Poecile gambeli"
"2569","Poecile hudsonicus"
"2570","Poecile lugubris"
"2571","Poecile montanus"
"2572","Poecile palustris"
"2573","Poecile rufescens"
"2574","Poecile sclateri"
"2575","Poecile superciliosus"
"2576","Poecile varius"
"2577","Poeoptera femoralis"
"2578","Poeoptera kenricki"
"2579","Poeoptera sharpii"
"2580","Poeoptera stuhlmanni"
"2581","Poephila acuticauda"
"2582","Poephila cincta"
"2583","Poephila personata"
"2584","Pogonocichla stellata"
"2585","Polioxolmis rufipennis"
"2586","Polyonymus caroli"
"2587","Polyplectron bicalcaratum"
"2588","Polyplectron chalcurum"
"2589","Polyplectron germaini"
"2590","Polyplectron katsumatae"
"2591","Polyplectron malacense"
"2592","Polyplectron schleiermacheri"
"2593","Polysticta stelleri"
"2594","Polystictus pectoralis"
"2595","Polystictus superciliaris"
"2596","Pomarea dimidiata"
"2597","Pomarea iphis"
"2598","Pomarea mendozae"
"2599","Pomarea nigra"
"2600","Pomarea whitneyi"
"2601","Pomatostomus halli"
"2602","Pomatostomus ruficeps"
"2603","Pomatostomus superciliosus"
"2604","Pomatostomus temporalis"
"2605","Pooecetes gramineus"
"2606","Poospiza alticola"
"2607","Poospiza boliviana"
"2608","Poospiza caesar"
"2609","Poospiza cinerea"
"2610","Poospiza erythrophrys"
"2611","Poospiza hispaniolensis"
"2612","Poospiza hypochondria"
"2613","Poospiza melanoleuca"
"2614","Poospiza ornata"
"2615","Poospiza torquata"
"2616","Porphyrio flavirostris"
"2617","Porphyrio hochstetteri"
"2618","Porphyrio martinicus"
"2619","Porphyrio porphyrio"
"2620","Porphyrospiza caerulescens"
"2621","Premnoplex brunnescens"
"2622","Premnoplex tatei"
"2623","Primolius auricollis"
"2624","Primolius maracana"
"2625","Prionochilus maculatus"
"2626","Prionochilus plateni"
"2627","Prionochilus thoracicus"
"2628","Prionochilus xanthopygius"
"2629","Prionodura newtoniana"
"2630","Priotelus roseigaster"
"2631","Priotelus temnurus"
"2632","Probosciger aterrimus"
"2633","Progne chalybea"
"2634","Progne cryptoleuca"
"2635","Progne dominicensis"
"2636","Progne modesta"
"2637","Progne murphyi"
"2638","Progne sinaloae"
"2639","Promerops cafer"
"2640","Promerops gurneyi"
"2641","Prosthemadera novaeseelandiae"
"2642","Protonotaria citrea"
"2643","Psalidoprocne albiceps"
"2644","Psalidoprocne fuliginosa"
"2645","Psalidoprocne nitens"
"2646","Psalidoprocne obscura"
"2647","Psalidoprocne pristoptera"
"2648","Psarisomus dalhousiae"
"2649","Psarocolius angustifrons"
"2650","Psarocolius atrovirens"
"2651","Psarocolius bifasciatus"
"2652","Psarocolius montezuma"
"2653","Psarocolius viridis"
"2654","Psarocolius wagleri"
"2655","Pselliophorus luteoviridis"
"2656","Pselliophorus tibialis"
"2657","Psephotus dissimilis"
"2658","Psephotus haematonotus"
"2659","Psephotus varius"
"2660","Pseudalethe choloensis"
"2661","Pseudalethe fuelleborni"
"2662","Pseudalethe poliocephala"
"2663","Pseudalethe poliophrys"
"2664","Pseudelaenia leucospodia"
"2665","Pseudeos fuscata"
"2666","Pseudhirundo griseopyga"
"2667","Pseudoalcippe abyssinica"
"2668","Pseudobias wardi"
"2669","Pseudochelidon eurystomina"
"2670","Pseudocolopteryx acutipennis"
"2671","Pseudocolopteryx flaviventris"
"2672","Pseudocolopteryx sclateri"
"2673","Pseudoleistes guirahuro"
"2674","Pseudoleistes virescens"
"2675","Pseudonestor xanthophrys"
"2676","Psilopsiagon aurifrons"
"2677","Psilopsiagon aymara"
"2678","Psilorhamphus guttatus"
"2679","Psittacula alexandri"
"2680","Psittacula calthropae"
"2681","Psittacula columboides"
"2682","Psittacula cyanocephala"
"2683","Psittacula derbiana"
"2684","Psittacula echo"
"2685","Psittacula eupatria"
"2686","Psittacula finschii"
"2687","Psittacula himalayana"
"2688","Psittacula krameri"
"2689","Psittacula longicauda"
"2690","Psittacula roseata"
"2691","Psittinus cyanurus"
"2692","Psophia leucoptera"
"2693","Psophia viridis"
"2694","Psophocichla litsitsirupa"
"2695","Pteridophora alberti"
"2696","Pteroglossus beauharnaesii"
"2697","Pteroglossus bitorquatus"
"2698","Pteroglossus castanotis"
"2699","Pteroglossus frantzii"
"2700","Pteroglossus inscriptus"
"2701","Pteroglossus pluricinctus"
"2702","Pteroglossus torquatus"
"2703","Pteroglossus viridis"
"2704","Pteronetta hartlaubii"
"2705","Pterophanes cyanopterus"
"2706","Pteroptochos castaneus"
"2707","Pteroptochos megapodius"
"2708","Pteroptochos tarnii"
"2709","Pteruthius aenobarbus"
"2710","Pteruthius flaviscapis"
"2711","Pteruthius melanotis"
"2712","Pteruthius rufiventer"
"2713","Ptilogonys caudatus"
"2714","Ptilogonys cinereus"
"2715","Ptiloris intercedens"
"2716","Ptiloris magnificus"
"2717","Ptiloris paradiseus"
"2718","Ptiloris victoriae"
"2719","Ptyonoprogne concolor"
"2720","Ptyonoprogne fuligula"
"2721","Ptyonoprogne rupestris"
"2722","Ptyrticus turdinus"
"2723","Pucrasia macrolopha"
"2724","Purpureicephalus spurius"
"2725","Pygiptila stellaris"
"2726","Pyrgilauda blanfordi"
"2727","Pyrgilauda davidiana"
"2728","Pyrilia barrabandi"
"2729","Pyrilia caica"
"2730","Pyrilia haematotis"
"2731","Pyrilia pulchra"
"2732","Pyrilia pyrilia"
"2733","Pyrilia vulturina"
"2734","Pyrocephalus rubinus"
"2735","Pyroderus scutatus"
"2736","Pyrrhocoma ruficeps"
"2737","Pyrrhocorax graculus"
"2738","Pyrrhocorax pyrrhocorax"
"2739","Pyrrholaemus brunneus"
"2740","Pyrrholaemus sagittatus"
"2741","Pyrrhomyias cinnamomeus"
"2742","Pyrrhura albipectus"
"2743","Pyrrhura frontalis"
"2744","Pyrrhura griseipectus"
"2745","Pyrrhura hoffmanni"
"2746","Pyrrhura lepida"
"2747","Pyrrhura leucotis"
"2748","Pyrrhura melanura"
"2749","Pyrrhura molinae"
"2750","Pyrrhura orcesi"
"2751","Pyrrhura perlata"
"2752","Pyrrhura picta"
"2753","Pyrrhura rhodocephala"
"2754","Pyrrhura rupicola"
"2755","Pytilia hypogrammica"
"2756","Pytilia melba"
"2757","Pytilia phoenicoptera"
"2758","Quiscalus lugubris"
"2759","Quiscalus major"
"2760","Quiscalus mexicanus"
"2761","Quiscalus nicaraguensis"
"2762","Quiscalus niger"
"2763","Ramphastos brevis"
"2764","Ramphastos vitellinus"
"2765","Ramphocelus carbo"
"2766","Ramphocelus costaricensis"
"2767","Ramphocelus dimidiatus"
"2768","Ramphocelus melanogaster"
"2769","Ramphocelus nigrogularis"
"2770","Ramphocelus passerinii"
"2771","Ramphocinclus brachyurus"
"2772","Ramphotrigon fuscicauda"
"2773","Ramphotrigon ruficauda"
"2774","Ramsayornis fasciatus"
"2775","Ramsayornis modestus"
"2776","Recurvirostra americana"
"2777","Recurvirostra andina"
"2778","Recurvirostra avosetta"
"2779","Regulus calendula"
"2780","Regulus goodfellowi"
"2781","Regulus ignicapilla"
"2782","Regulus madeirensis"
"2783","Regulus regulus"
"2784","Rhagologus leucostigma"
"2785","Rhamphococcyx calyorhynchus"
"2786","Rhea americana"
"2787","Rhea pennata"
"2788","Rheinardia ocellata"
"2789","Rhinocrypta lanceolata"
"2790","Rhipidura hypoxantha"
"2791","Rhizothera longirostris"
"2792","Rhodinocichla rosea"
"2793","Rhodopis vesper"
"2794","Rhodospingus cruentus"
"2795","Rhodostethia rosea"
"2796","Rhodothraupis celaeno"
"2797","Rhopornis ardesiacus"
"2798","Rhyacornis bicolor"
"2799","Rhyacornis fuliginosa"
"2800","Rhynchocyclus brevirostris"
"2801","Rhynchocyclus fulvipectus"
"2802","Rhynchocyclus olivaceus"
"2803","Rhynochetos jubatus"
"2804","Ridgwayia pinicola"
"2805","Riparia cincta"
"2806","Riparia paludicola"
"2807","Riparia riparia"
"2808","Rollulus rouloul"
"2809","Rostratula australis"
"2810","Rostratula benghalensis"
"2811","Rostrhamus sociabilis"
"2812","Rupicola peruvianus"
"2813","Rupicola rupicola"
"2814","Ruwenzorornis johnstoni"
"2815","Sakesphorus canadensis"
"2816","Sakesphorus luctuosus"
"2817","Salpornis spilonotus"
"2818","Saltator albicollis"
"2819","Saltator atriceps"
"2820","Saltator atricollis"
"2821","Saltator atripennis"
"2822","Saltator aurantiirostris"
"2823","Saltator grossus"
"2824","Saltator similis"
"2825","Saltator striatipectus"
"2826","Saltatricula multicolor"
"2827","Sarcoramphus papa"
"2828","Sarkidiornis melanotos"
"2829","Saroglossa spiloptera"
"2830","Sasia abnormis"
"2831","Sasia ochracea"
"2832","Saxicola caprata"
"2833","Saxicola dacotiae"
"2834","Saxicola ferreus"
"2835","Saxicola gutturalis"
"2836","Saxicola insignis"
"2837","Saxicola jerdoni"
"2838","Saxicola leucurus"
"2839","Saxicola rubetra"
"2840","Saxicola tectes"
"2841","Saxicola torquatus"
"2842","Sayornis nigricans"
"2843","Sayornis phoebe"
"2844","Scardafella inca"
"2845","Scardafella squammata"
"2846","Sceptomycter winifredae"
"2847","Schiffornis turdina"
"2848","Schiffornis virescens"
"2849","Schistochlamys melanopis"
"2850","Schistochlamys ruficapillus"
"2851","Scissirostrum dubium"
"2852","Scopus umbretta"
"2853","Scotocerca inquieta"
"2854","Seicercus affinis"
"2855","Seicercus burkii"
"2856","Seicercus castaniceps"
"2857","Seicercus grammiceps"
"2858","Seicercus omeiensis"
"2859","Seicercus poliogenys"
"2860","Seicercus soror"
"2861","Seicercus tephrocephalus"
"2862","Seicercus valentini"
"2863","Seicercus whistleri"
"2864","Seiurus motacilla"
"2865","Seiurus noveboracensis"
"2866","Selenidera gouldii"
"2867","Selenidera maculirostris"
"2868","Seleucidis melanoleucus"
"2869","Semioptera wallacii"
"2870","Semnornis frantzii"
"2871","Semnornis ramphastinus"
"2872","Sericulus aureus"
"2873","Sericulus bakeri"
"2874","Serilophus lunatus"
"2875","Serpophaga cinerea"
"2876","Serpophaga munda"
"2877","Serpophaga nigricans"
"2878","Serpophaga subcristata"
"2879","Setophaga ruticilla"
"2880","Sheppardia aequatorialis"
"2881","Sheppardia bocagei"
"2882","Sheppardia gabela"
"2883","Sheppardia gunningi"
"2884","Sheppardia lowei"
"2885","Sheppardia sharpei"
"2886","Sialia currucoides"
"2887","Sialia mexicana"
"2888","Sialia sialis"
"2889","Sigelus silens"
"2890","Skutchia borbae"
"2891","Smithornis capensis"
"2892","Smithornis rufolateralis"
"2893","Smithornis sharpei"
"2894","Snowornis cryptolophus"
"2895","Snowornis subalaris"
"2896","Somateria mollissima"
"2897","Somateria spectabilis"
"2898","Speculanas specularis"
"2899","Speculipastor bicolor"
"2900","Speirops brunneus"
"2901","Speirops lugubris"
"2902","Speirops melanocephalus"
"2903","Sphenoeacus afer"
"2904","Sphyrapicus nuchalis"
"2905","Sphyrapicus ruber"
"2906","Spizaetus isidori"
"2907","Spizaetus ornatus"
"2908","Spizella arborea"
"2909","Spizella breweri"
"2910","Spizella pallida"
"2911","Spizella passerina"
"2912","Spizella pusilla"
"2913","Spizella wortheni"
"2914","Spodiopsar cineraceus"
"2915","Spodiopsar sericeus"
"2916","Sporophila americana"
"2917","Sporophila bouvreuil"
"2918","Sporophila caerulescens"
"2919","Sporophila castaneiventris"
"2920","Sporophila cinnamomea"
"2921","Sporophila collaris"
"2922","Sporophila corvina"
"2923","Sporophila falcirostris"
"2924","Sporophila hypochroma"
"2925","Sporophila hypoxantha"
"2926","Sporophila leucoptera"
"2927","Sporophila luctuosa"
"2928","Sporophila melanogaster"
"2929","Sporophila nigricollis"
"2930","Sporophila nigrorufa"
"2931","Sporophila palustris"
"2932","Sporophila plumbea"
"2933","Sporophila ruficollis"
"2934","Sporophila schistacea"
"2935","Sporophila telasco"
"2936","Sporophila torqueola"
"2937","Stactolaema leucotis"
"2938","Stactolaema whytii"
"2939","Stelgidopteryx ruficollis"
"2940","Stelgidopteryx serripennis"
"2941","Stenostira scita"
"2942","Stephanophorus diadematus"
"2943","Stephanoxis lalandi"
"2944","Stercorarius longicaudus"
"2945","Stercorarius parasiticus"
"2946","Sterna forsteri"
"2947","Sterna trudeaui"
"2948","Stictonetta naevosa"
"2949","Stigmatopelia chinensis"
"2950","Stigmatopelia senegalensis"
"2951","Stigmatura napensis"
"2952","Stiphrornis erythrothorax"
"2953","Stipiturus malachurus"
"2954","Stipiturus mallee"
"2955","Stizorhina fraseri"
"2956","Streptopelia bitorquata"
"2957","Streptopelia capicola"
"2958","Streptopelia decaocto"
"2959","Streptopelia hypopyrrha"
"2960","Streptopelia roseogrisea"
"2961","Streptopelia tranquebarica"
"2962","Streptopelia turtur"
"2963","Streptopelia vinacea"
"2964","Struthidea cinerea"
"2965","Sturnella bellicosa"
"2966","Sturnella loyca"
"2967","Sturnella magna"
"2968","Sturnella militaris"
"2969","Sturnella neglecta"
"2970","Sturnella superciliaris"
"2971","Sturnia erythropygia"
"2972","Sturnia malabarica"
"2973","Sturnia pagodarum"
"2974","Sturnia sinensis"
"2975","Sturnus unicolor"
"2976","Sturnus vulgaris"
"2977","Sublegatus arenarum"
"2978","Sublegatus obscurior"
"2979","Surniculus lugubris"
"2980","Surniculus velutinus"
"2981","Swynnertonia swynnertoni"
"2982","Sylvia atricapilla"
"2983","Sylvia boehmi"
"2984","Sylvia borin"
"2985","Sylvia buryi"
"2986","Sylvia communis"
"2987","Sylvia conspicillata"
"2988","Sylvia deserticola"
"2989","Sylvia hortensis"
"2990","Sylvia layardi"
"2991","Sylvia leucomelaena"
"2992","Sylvia lugens"
"2993","Sylvia melanocephala"
"2994","Sylvia melanothorax"
"2995","Sylvia mystacea"
"2996","Sylvia nana"
"2997","Sylvia nisoria"
"2998","Sylvia rueppelli"
"2999","Sylvia subcaerulea"
"3000","Sylvia undata"
"3001","Sylviparus modestus"
"3002","Sypheotides indica"
"3003","Syrmaticus ellioti"
"3004","Syrmaticus humiae"
"3005","Syrmaticus reevesii"
"3006","Syrmaticus soemmerringii"
"3007","Taccocua leschenaultii"
"3008","Tachybaptus dominicus"
"3009","Tachybaptus novaehollandiae"
"3010","Tachybaptus ruficollis"
"3011","Tachycineta albilinea"
"3012","Tachycineta albiventer"
"3013","Tachycineta bicolor"
"3014","Tachycineta cyaneoviridis"
"3015","Tachycineta euchrysea"
"3016","Tachycineta leucorrhoa"
"3017","Tachycineta meyeni"
"3018","Tachycineta thalassina"
"3019","Tachyphonus coronatus"
"3020","Tachyphonus cristatus"
"3021","Tachyphonus delatrii"
"3022","Tachyphonus luctuosus"
"3023","Tachyphonus rufiventer"
"3024","Tachyphonus rufus"
"3025","Tachyphonus surinamus"
"3026","Tadorna cana"
"3027","Tadorna ferruginea"
"3028","Tadorna radjah"
"3029","Tadorna tadorna"
"3030","Tadorna tadornoides"
"3031","Tadorna variegata"
"3032","Taeniopygia bichenovii"
"3033","Taeniopygia guttata"
"3034","Tangara argyrofenges"
"3035","Tangara callophrys"
"3036","Tangara cayana"
"3037","Tangara chrysotis"
"3038","Tangara cucullata"
"3039","Tangara cyanicollis"
"3040","Tangara cyanocephala"
"3041","Tangara cyanotis"
"3042","Tangara cyanoventris"
"3043","Tangara desmaresti"
"3044","Tangara dowii"
"3045","Tangara fastuosa"
"3046","Tangara florida"
"3047","Tangara fucosa"
"3048","Tangara guttata"
"3049","Tangara gyrola"
"3050","Tangara heinei"
"3051","Tangara icterocephala"
"3052","Tangara inornata"
"3053","Tangara johannae"
"3054","Tangara labradorides"
"3055","Tangara larvata"
"3056","Tangara lavinia"
"3057","Tangara mexicana"
"3058","Tangara nigrocincta"
"3059","Tangara nigroviridis"
"3060","Tangara palmeri"
"3061","Tangara parzudakii"
"3062","Tangara preciosa"
"3063","Tangara punctata"
"3064","Tangara ruficervix"
"3065","Tangara rufigula"
"3066","Tangara schrankii"
"3067","Tangara seledon"
"3068","Tangara varia"
"3069","Tangara velia"
"3070","Tangara viridicollis"
"3071","Tangara vitriolina"
"3072","Tangara xanthocephala"
"3073","Tangara xanthogastra"
"3074","Tanygnathus lucionensis"
"3075","Tanygnathus megalorynchos"
"3076","Tanygnathus sumatranus"
"3077","Taraba major"
"3078","Tarphonomus certhioides"
"3079","Tarphonomus harterti"
"3080","Tarsiger chrysaeus"
"3081","Tarsiger cyanurus"
"3082","Tarsiger hyperythrus"
"3083","Tarsiger johnstoniae"
"3084","Tauraco bannermani"
"3085","Tauraco corythaix"
"3086","Tauraco erythrolophus"
"3087","Tauraco fischeri"
"3088","Tauraco hartlaubi"
"3089","Tauraco leucolophus"
"3090","Tauraco livingstonii"
"3091","Tauraco macrorhynchus"
"3092","Tauraco persa"
"3093","Tauraco porphyreolophus"
"3094","Tauraco schalowi"
"3095","Teledromas fuscus"
"3096","Temnurus temnurus"
"3097","Tephrodornis pondicerianus"
"3098","Tephrodornis virgatus"
"3099","Terathopius ecaudatus"
"3100","Terenotriccus erythrurus"
"3101","Tetrao parvirostris"
"3102","Tetrao urogallus"
"3103","Tetraogallus altaicus"
"3104","Tetraogallus caspius"
"3105","Tetraogallus himalayensis"
"3106","Tetraophasis obscurus"
"3107","Tetraophasis szechenyii"
"3108","Tetrastes bonasia"
"3109","Tetrastes sewerzowi"
"3110","Tetrax tetrax"
"3111","Thamnistes anabatinus"
"3112","Thamnolaea coronata"
"3113","Thamnomanes ardesiacus"
"3114","Thamnomanes caesius"
"3115","Thamnomanes saturninus"
"3116","Thamnomanes schistogynus"
"3117","Thamnophilus aethiops"
"3118","Thamnophilus amazonicus"
"3119","Thamnophilus aroyae"
"3120","Thamnophilus atrinucha"
"3121","Thamnophilus bridgesi"
"3122","Thamnophilus caerulescens"
"3123","Thamnophilus cryptoleucus"
"3124","Thamnophilus insignis"
"3125","Thamnophilus melanothorax"
"3126","Thamnophilus murinus"
"3127","Thamnophilus nigriceps"
"3128","Thamnophilus nigrocinereus"
"3129","Thamnophilus palliatus"
"3130","Thamnophilus pelzelni"
"3131","Thamnophilus praecox"
"3132","Thamnophilus punctatus"
"3133","Thamnophilus ruficapillus"
"3134","Thamnophilus schistaceus"
"3135","Thamnophilus stictocephalus"
"3136","Thamnophilus sticturus"
"3137","Thamnophilus tenuepunctatus"
"3138","Thamnophilus torquatus"
"3139","Thamnophilus unicolor"
"3140","Thamnornis chloropetoides"
"3141","Thaumastura cora"
"3142","Theristicus caerulescens"
"3143","Theristicus caudatus"
"3144","Theristicus melanopis"
"3145","Thescelocichla leucopleura"
"3146","Thinocorus orbignyianus"
"3147","Thinocorus rumicivorus"
"3148","Thinornis novaeseelandiae"
"3149","Thinornis rubricollis"
"3150","Thraupis bonariensis"
"3151","Thraupis cyanocephala"
"3152","Thraupis episcopus"
"3153","Thraupis ornata"
"3154","Thraupis palmarum"
"3155","Thraupis sayaca"
"3156","Thryorchilus browni"
"3157","Thryothorus atrogularis"
"3158","Thryothorus coraya"
"3159","Thryothorus euophrys"
"3160","Thryothorus fasciatoventris"
"3161","Thryothorus felix"
"3162","Thryothorus genibarbis"
"3163","Thryothorus guarayanus"
"3164","Thryothorus leucopogon"
"3165","Thryothorus leucotis"
"3166","Thryothorus longirostris"
"3167","Thryothorus ludovicianus"
"3168","Thryothorus maculipectus"
"3169","Thryothorus mystacalis"
"3170","Thryothorus nigricapillus"
"3171","Thryothorus pleurostictus"
"3172","Thryothorus rufalbus"
"3173","Thryothorus rutilus"
"3174","Thryothorus sclateri"
"3175","Thryothorus semibadius"
"3176","Thryothorus sinaloa"
"3177","Thryothorus superciliaris"
"3178","Thryothorus thoracicus"
"3179","Tiaris bicolor"
"3180","Tiaris canorus"
"3181","Tiaris fuliginosus"
"3182","Tiaris obscurus"
"3183","Tiaris olivaceus"
"3184","Tichodroma muraria"
"3185","Timalia pileata"
"3186","Timeliopsis fulvigula"
"3187","Timeliopsis griseigula"
"3188","Tinamotis ingoufi"
"3189","Tinamotis pentlandii"
"3190","Tityra cayana"
"3191","Tityra semifasciata"
"3192","Todus mexicanus"
"3193","Todus multicolor"
"3194","Todus subulatus"
"3195","Todus todus"
"3196","Torgos tracheliotus"
"3197","Toxorhamphus novaeguineae"
"3198","Toxorhamphus poliopterus"
"3199","Toxostoma bendirei"
"3200","Toxostoma cinereum"
"3201","Toxostoma crissale"
"3202","Toxostoma curvirostre"
"3203","Toxostoma guttatum"
"3204","Toxostoma lecontei"
"3205","Toxostoma longirostre"
"3206","Toxostoma ocellatum"
"3207","Toxostoma redivivum"
"3208","Toxostoma rufum"
"3209","Tragopan blythii"
"3210","Tragopan caboti"
"3211","Tragopan satyra"
"3212","Tragopan temminckii"
"3213","Tregellasia capito"
"3214","Tregellasia leucops"
"3215","Trichoglossus chlorolepidotus"
"3216","Trichoglossus euteles"
"3217","Trichoglossus haematodus"
"3218","Trichoglossus johnstoniae"
"3219","Trichoglossus ornatus"
"3220","Trichothraupis melanops"
"3221","Triclaria malachitacea"
"3222","Tringa brevipes"
"3223","Tringa flavipes"
"3224","Tringa glareola"
"3225","Tringa incana"
"3226","Tringa melanoleuca"
"3227","Tringa nebularia"
"3228","Tringa ochropus"
"3229","Tringa semipalmata"
"3230","Tringa solitaria"
"3231","Tringa stagnatilis"
"3232","Tringa totanus"
"3233","Trochocercus cyanomelas"
"3234","Trochocercus nitens"
"3235","Troglodytes aedon"
"3236","Troglodytes ochraceus"
"3237","Troglodytes rufociliatus"
"3238","Troglodytes rufulus"
"3239","Troglodytes sissonii"
"3240","Troglodytes solstitialis"
"3241","Trogon chionurus"
"3242","Trogon citreolus"
"3243","Trogon comptus"
"3244","Trogon curucui"
"3245","Trogon massena"
"3246","Trogon melanocephalus"
"3247","Trogon melanurus"
"3248","Trogon surrucura"
"3249","Trogon violaceus"
"3250","Trogon viridis"
"3251","Trugon terrestris"
"3252","Tryngites subruficollis"
"3253","Turdus albicollis"
"3254","Turdus albocinctus"
"3255","Turdus assimilis"
"3256","Turdus aurantius"
"3257","Turdus bewsheri"
"3258","Turdus cardis"
"3259","Turdus celaenops"
"3260","Turdus chrysolaus"
"3261","Turdus dissimilis"
"3262","Turdus falcklandii"
"3263","Turdus feae"
"3264","Turdus flavipes"
"3265","Turdus fumigatus"
"3266","Turdus fuscater"
"3267","Turdus grayi"
"3268","Turdus haplochrous"
"3269","Turdus hauxwelli"
"3270","Turdus helleri"
"3271","Turdus hortulorum"
"3272","Turdus ignobilis"
"3273","Turdus iliacus"
"3274","Turdus infuscatus"
"3275","Turdus jamaicensis"
"3276","Turdus kessleri"
"3277","Turdus lawrencii"
"3278","Turdus leucomelas"
"3279","Turdus leucops"
"3280","Turdus libonyanus"
"3281","Turdus ludoviciae"
"3282","Turdus maculirostris"
"3283","Turdus maranonicus"
"3284","Turdus menachensis"
"3285","Turdus merula"
"3286","Turdus migratorius"
"3287","Turdus mupinensis"
"3288","Turdus naumanni"
"3289","Turdus nigrescens"
"3290","Turdus nigriceps"
"3291","Turdus nudigenis"
"3292","Turdus obscurus"
"3293","Turdus obsoletus"
"3294","Turdus olivaceofuscus"
"3295","Turdus olivaceus"
"3296","Turdus olivater"
"3297","Turdus pallidus"
"3298","Turdus pelios"
"3299","Turdus philomelos"
"3300","Turdus plebejus"
"3301","Turdus plumbeus"
"3302","Turdus rubrocanus"
"3303","Turdus ruficollis"
"3304","Turdus rufitorques"
"3305","Turdus rufopalliatus"
"3306","Turdus serranus"
"3307","Turdus swalesi"
"3308","Turdus tephronotus"
"3309","Turdus unicolor"
"3310","Turdus viscivorus"
"3311","Tympanuchus cupido"
"3312","Tympanuchus pallidicinctus"
"3313","Tympanuchus phasianellus"
"3314","Tyranneutes stolzmanni"
"3315","Tyranneutes virescens"
"3316","Tyrannopsis sulphurea"
"3317","Upucerthia albigula"
"3318","Upucerthia dumetaria"
"3319","Upucerthia jelskii"
"3320","Upucerthia validirostris"
"3321","Uraeginthus angolensis"
"3322","Uraeginthus bengalus"
"3323","Uraeginthus cyanocephalus"
"3324","Uraeginthus granatinus"
"3325","Uraeginthus ianthinogaster"
"3326","Uratelornis chimaera"
"3327","Urocolius indicus"
"3328","Urocolius macrourus"
"3329","Urolais epichlorus"
"3330","Uropsalis lyra"
"3331","Uropsalis segmentata"
"3332","Uropsila leucogastra"
"3333","Urosticte benjamini"
"3334","Urosticte ruficrissa"
"3335","Vanga curvirostris"
"3336","Veniliornis affinis"
"3337","Veniliornis callonotus"
"3338","Veniliornis cassini"
"3339","Veniliornis dignus"
"3340","Veniliornis frontalis"
"3341","Veniliornis kirkii"
"3342","Veniliornis lignarius"
"3343","Veniliornis mixtus"
"3344","Veniliornis nigriceps"
"3345","Veniliornis passerinus"
"3346","Vermivora chrysoptera"
"3347","Vermivora crissalis"
"3348","Vermivora luciae"
"3349","Vermivora pinus"
"3350","Vermivora ruficapilla"
"3351","Vermivora virginiae"
"3352","Vestiaria coccinea"
"3353","Vultur gryphus"
"3354","Wilsonia canadensis"
"3355","Wilsonia citrina"
"3356","Wilsonia pusilla"
"3357","Xanthocephalus xanthocephalus"
"3358","Xanthomixis apperti"
"3359","Xanthomixis cinereiceps"
"3360","Xenicus gilviventris"
"3361","Xenoligea montana"
"3362","Xenops minutus"
"3363","Xenops rutilans"
"3364","Xiphocolaptes albicollis"
"3365","Xiphocolaptes major"
"3366","Xiphocolaptes promeropirhynchus"
"3367","Xiphorhynchus elegans"
"3368","Xiphorhynchus erythropygius"
"3369","Xiphorhynchus flavigaster"
"3370","Xiphorhynchus guttatus"
"3371","Xiphorhynchus lachrymosus"
"3372","Xiphorhynchus ocellatus"
"3373","Xiphorhynchus pardalotus"
"3374","Xiphorhynchus spixii"
"3375","Xiphorhynchus susurrans"
"3376","Xiphorhynchus triangularis"
"3377","Xolmis cinereus"
"3378","Xolmis coronatus"
"3379","Xolmis irupero"
"3380","Xolmis pyrope"
"3381","Xolmis rubetra"
"3382","Xolmis velatus"
"3383","Yuhina bakeri"
"3384","Yuhina brunneiceps"
"3385","Yuhina castaniceps"
"3386","Yuhina everetti"
"3387","Yuhina flavicollis"
"3388","Yuhina gularis"
"3389","Yuhina nigrimenta"
"3390","Yuhina occipitalis"
"3391","Zanclostomus javanicus"
"3392","Zebrilus undulatus"
"3393","Zenaida asiatica"
"3394","Zenaida auriculata"
"3395","Zenaida aurita"
"3396","Zenaida galapagoensis"
"3397","Zenaida graysoni"
"3398","Zenaida macroura"
"3399","Zenaida meloda"
"3400","Zimmerius acer"
"3401","Zimmerius albigularis"
"3402","Zimmerius bolivianus"
"3403","Zimmerius vilissimus"
"3404","Zonotrichia albicollis"
"3405","Zonotrichia atricapilla"
"3406","Zonotrichia leucophrys"
"3407","Zonotrichia querula"
"3408","Zoothera andromedae"
"3409","Zoothera cameronensis"
"3410","Zoothera crossleyi"
"3411","Zoothera dauma"
"3412","Zoothera dixoni"
"3413","Zoothera dohertyi"
"3414","Zoothera erythronota"
"3415","Zoothera gurneyi"
"3416","Zoothera guttata"
"3417","Zoothera heinei"
"3418","Zoothera interpres"
"3419","Zoothera lunulata"
"3420","Zoothera marginata"
"3421","Zoothera mollissima"
"3422","Zoothera monticola"
"3423","Zoothera oberlaenderi"
"3424","Zoothera peronii"
"3425","Zoothera princei"
"3426","Zoothera schistacea"
"3427","Zoothera sibirica"
"3428","Zoothera spiloptera"
"3429","Zoothera talaseae"
"3430","Zoothera wardii"
